gene_symbol_mouse,number_tissues_cycling,phase_adrg,phase_aort,phase_bfat,phase_bstm,phase_cere,phase_hart,phase_hypo,phase_kdny,phase_livr,phase_lung,phase_musc,phase_wfat
Trp53,1,,,,,,,,,0.0,,,
Vegfa,5,,8.0,9.0,,,21.0,,,14.0,,2.0,
Mthfr,6,,22.0,22.0,,,22.0,,22.0,22.0,,,22.0
Esr1,5,,13.0,14.0,,,,,13.0,18.0,,,13.0
Nfkb1,1,,,,,,,,,23.0,,,
Akt1,4,,10.0,11.0,,,,,,13.0,9.0,,
Fas,2,,,,,,,,21.0,21.0,,,
Cd4,1,,,,,,,,,23.0,,,
Igf1,3,,,20.0,,,,,,15.0,0.0,,
Cdh1,1,,,,,,,,,22.0,,,
Stat3,1,,,,,,,,,1.0,,,
Cdkn1a,10,0.0,22.0,22.0,19.0,,22.0,,23.0,22.0,22.0,0.0,23.0
H2-Q6,4,8.0,6.0,,,,,,7.0,21.0,,,
Mapk14,4,,,19.0,,,,,15.0,17.0,,,18.0
Abcb1a,3,11.0,,,,,18.0,,,13.0,,,
Gstt1,3,,,,,,16.0,,,22.0,16.0,,
Ccnd1,4,,,,,23.0,,,12.0,12.0,8.0,,
Bdnf,1,,,,,,,,,14.0,,,
Ldlr,5,,18.0,,,,0.0,,20.0,16.0,,1.0,
Serpine1,7,9.0,,,,,9.0,,10.0,9.0,10.0,9.0,10.0
Ccr5,1,,,,,,,,,18.0,,,
Kras,3,,,,,,,19.0,19.0,22.0,,,
Prnp,4,18.0,,21.0,,,,,15.0,19.0,,,
Mdm2,1,,,,,,,,,23.0,,,
Comt,4,3.0,,,,,,,0.0,1.0,,,22.0
Rela,1,,,,,,,,,2.0,,,
Crp,1,,,,,,,,,22.0,,,
Agtr1a,5,20.0,,,,,8.0,,3.0,2.0,,4.0,
Hfe,4,2.0,,20.0,,,,,,22.0,,,22.0
Ppara,7,8.0,,8.0,,,16.0,,9.0,12.0,18.0,,10.0
Sp1,2,,,,,,,2.0,,0.0,,,
Mtor,3,,,10.0,,,,,10.0,7.0,,,
Pcna,1,,,,,,,,,11.0,,,
Sod2,3,,,,,,,,,20.0,16.0,,19.0
Fgfr2,5,,,3.0,3.0,3.0,,,,5.0,6.0,,
Xrcc1,1,,,,,,,,,23.0,,,
Hras1,2,,,,,,,,,15.0,11.0,,
Mlh1,1,,,,,,,,,21.0,,,
Lpl,1,,,,,,,,,3.0,,,
Rhoa,1,,,,,,,,,1.0,,,
Pik3r1,6,,17.0,,,,15.0,,21.0,14.0,17.0,19.0,
Sox9,2,,,22.0,,,,,,22.0,,,
Crebbp,1,,,,,,,,,4.0,,,
Fgfr1,6,10.0,,0.0,9.0,,,,,10.0,9.0,9.0,
Prkaca,1,,,,,,,,,22.0,,,
Il4ra,3,20.0,,,,,,,,22.0,,23.0,
Kitl,4,,,12.0,,,16.0,,18.0,16.0,,,
Flt1,6,17.0,,12.0,,0.0,16.0,,19.0,22.0,,,
Vcam1,5,12.0,,,,,15.0,,20.0,13.0,0.0,,
Cebpb,3,,,,,,13.0,,,12.0,,15.0,
Tgfbr2,3,,,,,,17.0,,6.0,11.0,,,
Stat5a,3,,9.0,,,,,,,22.0,,4.0,
Sele,1,,,,,,,,,9.0,,,
Cebpa,3,8.0,6.0,,,,,,,12.0,,,
Fcgr3,1,,,,,,,,,17.0,,,
Rxra,1,,,,,,,,,9.0,,,
Cyp17a1,1,,,,,,,,,18.0,,,
Mitf,2,,,,,,18.0,,,20.0,,,
Ptpn6,2,,,,,,,,,22.0,2.0,,
Nfkbia,2,,,,,,,,,8.0,11.0,,
Hsp90aa1,9,19.0,21.0,22.0,,,,22.0,21.0,18.0,18.0,23.0,22.0
Gata4,2,,,,,,0.0,,,22.0,,,
Hnf1a,1,,,,,,,,,20.0,,,
Bmp7,1,,,,,,,,,15.0,,,
Actb,5,,,,,,4.0,8.0,,22.0,0.0,0.0,
Tgfbr1,1,,,,,,,,,10.0,,,
Slc2a1,6,,,,14.0,15.0,11.0,,20.0,19.0,19.0,,
Chek2,1,,,,,,,,,0.0,,,
Hmgb1,1,,,,,,,,,11.0,,,
Lrp1,3,8.0,,12.0,,,,,,6.0,,,
Plcg1,1,,,,,,,,,12.0,,,
Lrrk2,2,,,,,,,,,0.0,,,23.0
Ppard,3,21.0,,,,,,,23.0,22.0,,,
Rarb,7,,20.0,21.0,20.0,19.0,18.0,,20.0,18.0,,,
Apex1,4,,9.0,,,9.0,,,,22.0,7.0,,
F7,1,,,,,,,,,22.0,,,
Dll1,1,,,,,,,,,12.0,,,
Stat5b,1,,,,,,,,,0.0,,,
Cxcl10,1,,,,,,,,,2.0,,,
Srebf1,3,,16.0,,,,,,19.0,14.0,,,
Pml,2,,,,,,0.0,,,23.0,,,
Col10a1,1,,,,,,,,,11.0,,,
Il2rg,5,7.0,,,,,2.0,,,0.0,4.0,23.0,
Tek,7,19.0,2.0,,22.0,0.0,,,19.0,22.0,,1.0,
Thra,9,2.0,3.0,4.0,,,2.0,,3.0,0.0,4.0,4.0,5.0
Ercc1,1,,,,,,,,,0.0,,,
Apoc3,1,,,,,,,,,22.0,,,
Bcr,1,,,,,,,,,21.0,,,
Cat,2,,,,,,,,,1.0,7.0,,
Cbs,4,,,,,,,23.0,4.0,2.0,20.0,,
Itga5,1,,,,,,,,,21.0,,,
Il6st,1,,,,,,,,,20.0,,,
Sparc,1,,,,,,,,,0.0,,,
Fgb,1,,,,,,,,,3.0,,,
Lipc,1,,,,,,,,,3.0,,,
Nr1h3,1,,,,,,,,,21.0,,,
Fcer1g,1,,,,,,,,,22.0,,,
Map2k1,1,,,,,,,,,22.0,,,
Foxo3,3,,,,,,15.0,,12.0,13.0,,,
Adam17,3,,,,,,,,22.0,19.0,23.0,,
Gjb1,2,,,,,,,,11.0,3.0,,,
G6pdx,2,,,,,,,,,22.0,,23.0,
Ccne1,1,,,,,,,,,10.0,,,
Apoa5,1,,,,,,,,,12.0,,,
Nfkb2,1,,,,,,,,,1.0,,,
Pah,1,,,,,,,,,12.0,,,
Sdc1,1,,,,,,,,,22.0,,,
Erbb3,2,,,,,,,,6.0,2.0,,,
Fgf1,3,,,22.0,,,,,0.0,18.0,,,
Bace1,4,,,,,,,,14.0,22.0,12.0,4.0,
Hprt,2,,,,,,,,21.0,23.0,,,
Fga,3,,,,,,,,22.0,23.0,,,22.0
Krt8,2,,,,,,,,8.0,0.0,,,
Tgm2,3,,,,,,17.0,,0.0,22.0,,,
Stk11,2,,,8.0,,,,,,5.0,,,
Id2,5,22.0,,,3.0,,,,19.0,0.0,,22.0,
Cyp21a1,1,,,,,,,,,20.0,,,
Cflar,1,,,,,,,,,13.0,,,
Hspb1,9,22.0,20.0,21.0,19.0,19.0,,19.0,18.0,20.0,19.0,,
Clock,10,22.0,0.0,1.0,,2.0,0.0,,22.0,23.0,23.0,1.0,0.0
Psen2,1,,,,,,,,,23.0,,,
Xpa,6,5.0,,8.0,8.0,,10.0,,6.0,4.0,,,
Itpr1,6,21.0,,,,,23.0,,,16.0,2.0,1.0,21.0
Gck,2,,,,,,18.0,,,15.0,,,
Erbb4,4,,,7.0,,,12.0,,7.0,7.0,,,
Bsg,1,,,,,,,,,23.0,,,
Smarca4,2,,,,,,,,22.0,21.0,,,
Klk1b4,1,,,,,,,,,22.0,,,
Ncoa3,5,15.0,,,,,17.0,,13.0,19.0,15.0,,
Gpi1,1,,,,,,,,,15.0,,,
Timp3,8,15.0,16.0,13.0,13.0,13.0,14.0,,,16.0,15.0,,
Per2,12,14.0,14.0,13.0,13.0,15.0,13.0,12.0,14.0,15.0,13.0,11.0,14.0
Calr,9,,22.0,,22.0,21.0,23.0,22.0,22.0,23.0,22.0,0.0,
Fgg,2,,,,,,,,2.0,3.0,,,
Adh1,7,,,13.0,,,13.0,,16.0,18.0,14.0,14.0,18.0
Skp2,1,,,,,,,,,16.0,,,
Men1,1,,,,,,,,,21.0,,,
Tfrc,4,14.0,,,,,,,21.0,17.0,18.0,,
Npc1,6,10.0,,9.0,,,10.0,,,9.0,22.0,7.0,
Hspa8,6,18.0,19.0,20.0,,,,,,16.0,17.0,,21.0
Epas1,1,,,,,,,,,14.0,,,
Ikbkg,1,,,,,,,,,2.0,,,
Alpl,1,,,,,,,,,17.0,,,
Dnmt3b,1,,,,,,,,,22.0,,,
Rbpj,1,,,,,,,,,3.0,,,
Per1,12,10.0,11.0,11.0,11.0,12.0,10.0,12.0,11.0,11.0,11.0,10.0,12.0
Arnt,3,,,17.0,,,,,,19.0,14.0,,
Il6ra,4,,,,,,,,12.0,12.0,14.0,,12.0
Mtrr,1,,,,,,,,,17.0,,,
Cxcl12,5,,,,20.0,,,,15.0,17.0,5.0,,7.0
Gusb,1,,,,,,,,,17.0,,,
Nr1h2,3,,,,,,,,8.0,6.0,11.0,,
Mme,3,,,,,,,,,18.0,20.0,,21.0
Hnf1b,1,,,,,,,,,23.0,,,
Lrp5,3,21.0,,,,,22.0,,,0.0,,,
Myo7a,1,,,,,,,,,20.0,,,
Scnn1a,3,,,,,,,,17.0,23.0,14.0,,
Adora1,4,,,11.0,,,12.0,,,9.0,,,13.0
Cyp2b10,4,,19.0,19.0,,,,,,21.0,14.0,,
Serpinc1,1,,,,,,,,,23.0,,,
Kcnma1,1,,,,,,,,,14.0,,,
Park7,3,,,23.0,,,,4.0,,22.0,,,
Cd81,1,,,,,,,,,23.0,,,
Atf2,2,,,11.0,,,,,,5.0,,,
Cd38,3,,,,,21.0,,,,19.0,,0.0,
Map3k5,4,,,7.0,,,22.0,,22.0,11.0,,,
Nme1,1,,,,,,,,,21.0,,,
Abcc2,2,,,,,,,,8.0,10.0,,,
Csnk2a2,2,,,6.0,,,,,,6.0,,,
Bcar1,3,,,,,,,,8.0,8.0,7.0,,
Hsd11b1,3,,,,,,17.0,,,20.0,17.0,,
Yy1,3,,,,,,,,,6.0,11.0,,10.0
Smo,2,,,,10.0,,,,,2.0,,,
Col18a1,2,,,,,,,,,2.0,4.0,,
Grn,2,6.0,,,,,,,,18.0,,,
H2-T23,3,7.0,,,,,,,,8.0,,23.0,
Top1,4,,,,,,,18.0,,15.0,14.0,,16.0
Rbl2,3,,,,19.0,,,19.0,,5.0,,,
Prkar1a,3,,,,,,2.0,0.0,,4.0,,,
Dnmt3a,1,,,,,,,,,5.0,,,
Prkci,2,,,0.0,,,,,,21.0,,,
Chrna4,3,,,,,8.0,,,23.0,22.0,,,
Enpp1,2,5.0,,,,,,,,12.0,,,
Ncor2,1,,,,,,,,,17.0,,,
Smarcb1,2,,,,,,22.0,,,22.0,,,
Ceacam1,4,,,,22.0,23.0,,,,1.0,19.0,,
Prkaa2,3,,,,,,,,10.0,14.0,12.0,,
Lyst,3,,,18.0,,,,17.0,,16.0,,,
Sqstm1,4,,9.0,,,12.0,,,,2.0,13.0,,
Add1,1,,,,,,,,,1.0,,,
Slc9a1,2,,,,,,,,,23.0,,,7.0
Nampt,7,15.0,,17.0,,,16.0,,15.0,14.0,13.0,,17.0
Arrb1,5,,,3.0,,,,,1.0,21.0,21.0,23.0,
Rbl1,3,19.0,,,,,,,0.0,19.0,,,
Tardbp,3,,,,,,,22.0,20.0,23.0,,,
Cdk6,4,,12.0,13.0,,,,,3.0,8.0,,,
Pafah1b1,1,,,,,,,,,0.0,,,
Gnb2l1,1,,,,,,,,,14.0,,,
Prlr,4,16.0,,,,4.0,8.0,,,0.0,,,
Vcl,1,,,,,,,,,21.0,,,
Srebf2,4,,,,,,1.0,,,23.0,7.0,0.0,
Ncoa2,1,,,,,,,,,4.0,,,
Odc1,1,,,,,,,,,19.0,,,
Dtnbp1,3,6.0,,7.0,,,,,,8.0,,,
Ncl,1,,,,,,,,,13.0,,,
Ocln,2,,,,,,,,4.0,2.0,,,
Dlg1,2,,,,,,,,0.0,6.0,,,
Ercc5,1,,,,,,,,,6.0,,,
Hoxa10,1,,,,,,,,,9.0,,,
Slc2a2,2,,,,,,,,7.0,11.0,,,
Smad9,2,,,,,,,9.0,,10.0,,,
Map3k1,3,,,,,,23.0,,,23.0,,23.0,
Ywhab,5,,,,20.0,1.0,,,19.0,22.0,16.0,,
Slc9a3r1,2,,,,,,,,14.0,14.0,,,
Fasn,3,,,,,,,,20.0,17.0,,22.0,
Casp2,1,,,,,,,,,22.0,,,
Ppp3ca,1,,,,,,,,,7.0,,,
Rtn4,1,,,,,,,,,7.0,,,
Etv6,2,,,,,,,,11.0,22.0,,,
Arntl,12,21.0,0.0,23.0,0.0,1.0,0.0,23.0,22.0,22.0,23.0,23.0,23.0
Traf3,1,,,,,,,,,19.0,,,
Kpnb1,2,,,,,,,,,21.0,,,0.0
Slc19a1,2,,,0.0,,,,,,12.0,,,
Srd5a2,1,,,,,,,,,3.0,,,
C5ar1,1,,,,,,,,,20.0,,,
Crem,1,,,,,,,,,23.0,,,
Trp53bp1,4,,1.0,5.0,23.0,,,,,0.0,,,
Mttp,2,,,15.0,,,,,,18.0,,,
Pln,3,,,,,,,,,10.0,5.0,8.0,
Gfra1,2,,,,,7.0,,,,14.0,,,
Atp1a1,4,,,,,7.0,,,15.0,14.0,10.0,,
Rad50,2,,,,,,,,,4.0,,,6.0
Srsf1,1,,,,,,,,,20.0,,,
Nr1i3,2,,,,,,,17.0,,11.0,,,
Atp1a2,5,,7.0,8.0,,,,,14.0,11.0,11.0,,
Hmgcr,1,,,,,,,,,16.0,,,
Ddx58,1,,,,,,,,,2.0,,,
S1pr1,2,8.0,,,,,,,,22.0,,,
Tcf4,3,,,,,22.0,3.0,,,22.0,,,
Efnb1,3,,,,,,18.0,,21.0,22.0,,,
Cfl1,2,,,,,,,,,22.0,8.0,,
Gch1,1,,,,,,,,,6.0,,,
Thpo,1,,,,,,,,,23.0,,,
Rxrg,3,,,,,,0.0,,,23.0,2.0,,
Nr0b2,2,22.0,,,,,,,,4.0,,,
Lcp2,3,,,,,,,,,0.0,4.0,,1.0
Dst,2,,,22.0,,,,,,15.0,,,
Maob,2,,,,,,,,,22.0,20.0,,
Hsp90ab1,6,20.0,20.0,22.0,,,,,20.0,20.0,19.0,,
Ctsl,2,,,,,,,,,3.0,18.0,,
Taf1,1,,,,,,,,,0.0,,,
Pld1,2,,,,,,,,22.0,0.0,,,
Syt1,1,,,,,,,,,8.0,,,
Cp,4,,,0.0,,,,,,1.0,2.0,,3.0
Abcb4,1,,,,,,,,,6.0,,,
Diablo,1,,,,,,,,,0.0,,,
Slc1a2,2,,,,,,,,12.0,13.0,,,
Atxn1,6,,16.0,16.0,,,17.0,,5.0,22.0,13.0,,
Slc3a2,2,,,,,,,,23.0,19.0,,,
Sdc2,2,,,,,,,,10.0,0.0,,,
Mafb,1,,,,,,,,,10.0,,,
Arf6,1,,,,,,,,,17.0,,,
Tor1a,2,,,,,,,,11.0,15.0,,,
Cbx5,4,,,,,,,23.0,17.0,21.0,17.0,,
Cyr61,2,,,,,,0.0,,,5.0,,,
Anxa5,5,0.0,,2.0,,,4.0,,,0.0,,2.0,
Gnas,1,,,,,,,,,23.0,,,
Gstm5,2,,,,,,,,,22.0,7.0,,
Cldn1,7,2.0,2.0,2.0,,,,16.0,0.0,23.0,10.0,,
Khdrbs1,2,,,,,,,,,8.0,7.0,,
Prkd1,3,,,22.0,,,,16.0,,11.0,,,
Ly96,1,,,,,,,,,23.0,,,
Stat2,1,,,,,,,,,20.0,,,
Tcp1,3,18.0,,,,,,,,16.0,,,19.0
Actn1,2,,,,,,,,,11.0,12.0,,
Dll4,3,,,,,,,,8.0,18.0,11.0,,
Gna13,4,,,,,23.0,,,,0.0,23.0,23.0,
Slc11a2,2,,,,,,,,20.0,20.0,,,
Mecom,2,,,,,,,,,17.0,,,21.0
Cry1,9,17.0,18.0,19.0,,,18.0,,18.0,20.0,17.0,19.0,19.0
Cxadr,4,,,,,,23.0,,0.0,21.0,9.0,,
Dapk1,8,1.0,0.0,23.0,,,,,23.0,22.0,23.0,0.0,23.0
Epb4.1,3,,,12.0,,19.0,,,,10.0,,,
Mapkapk2,4,,7.0,7.0,,,,,0.0,2.0,,,
Il15ra,5,9.0,7.0,9.0,,,,,12.0,9.0,,,
Tymp,2,6.0,,,,,,,,1.0,,,
Abcg5,1,,,,,,,,,10.0,,,
Hnrnpk,1,,,,,,,,,5.0,,,
Fxn,1,,,,,,,,,22.0,,,
Eif4g1,2,,,16.0,,,,,,12.0,,,
Ptpra,1,,,,,,,,,2.0,,,
Nox4,3,,,,,,,,16.0,9.0,13.0,,
Por,10,11.0,11.0,11.0,13.0,11.0,12.0,,12.0,13.0,10.0,,12.0
Prkar2a,2,,,,,,,,19.0,20.0,,,
Esrra,4,,9.0,9.0,,,,,,15.0,,,14.0
Camk2g,2,,,,,9.0,,,,4.0,,,
Gnb1,1,,,,,,,,,20.0,,,
Abcg8,1,,,,,,,,,7.0,,,
Arsa,3,4.0,,11.0,,,,,,6.0,,,
Gsk3a,2,,,12.0,,,,,,9.0,,,
Mthfd1,3,,,,,,,6.0,,1.0,,,22.0
Igfbp4,2,,,,,,,,12.0,13.0,,,
Slc12a2,3,,10.0,,,,,,,17.0,20.0,,
Grb10,2,,,,,,18.0,,,19.0,,,
Hdac6,4,,7.0,7.0,,,,,3.0,4.0,,,
Fkbp1a,1,,,,,,,,,22.0,,,
Adipor2,4,,,,13.0,13.0,,,17.0,22.0,,,
Cnp,1,,,,,,,,,1.0,,,
Cul1,2,,,,,,,,0.0,3.0,,,
Tpo,1,,,,,,,,,11.0,,,
Ptafr,1,,,,,,,,,23.0,,,
Cd59b,1,,,,,,,,,0.0,,,
Anpep,2,,,,12.0,,,,,16.0,,,
Glul,9,10.0,14.0,15.0,,,16.0,,14.0,12.0,12.0,16.0,14.0
Rorc,9,18.0,19.0,19.0,,20.0,20.0,,17.0,18.0,17.0,,18.0
Actn4,4,,,4.0,,,,,20.0,22.0,16.0,,
Gtf2b,1,,,,,,,,,8.0,,,
Casp6,3,5.0,,,,,,,,5.0,,,9.0
Cblb,1,,,,,,,,,7.0,,,
Tirap,1,,,,,,,,,21.0,,,
Phb,2,,,,,,,3.0,,13.0,,,
Itch,2,,,6.0,,,,,,12.0,,,
Capn2,4,,,1.0,21.0,,,,,23.0,16.0,,
Nrip1,4,,,,,,9.0,,19.0,21.0,,13.0,
Ywhah,2,,,,,,,,22.0,19.0,,,
Flt3l,2,,,,,,17.0,,,22.0,,,
Apoc2,1,,,,,,,,,22.0,,,
Fabp1,1,,,,,,,,,9.0,,,
Itgb5,2,,,,,,,,,22.0,,,19.0
Ppp2r1a,1,,,,,,,,,2.0,,,
Nedd4l,1,,,,,,,,,21.0,,,
Smarca2,6,16.0,18.0,18.0,,,15.0,,,15.0,,,16.0
Pik3cb,2,,,18.0,,,,,,11.0,,,
Adra1b,1,,,,,,,,,22.0,,,
Plcb1,6,20.0,17.0,19.0,,,,,21.0,15.0,5.0,,
Pnp,3,,,,,,,,22.0,23.0,15.0,,
Tk1,2,,,,,,,,16.0,17.0,,,
Polr2b,1,,,,,,,,,17.0,,,
Ptbp1,1,,,,,,,,,4.0,,,
Gapdh,2,,,20.0,,,,,,20.0,,,
Fus,9,6.0,7.0,6.0,8.0,,10.0,9.0,7.0,6.0,6.0,,
Glo1,1,,,,,,,,,1.0,,,
Abcd1,2,,,,,,,,,23.0,10.0,,
B4galt1,2,,,,,,,,,18.0,11.0,,
Hdac5,2,6.0,,,,,,,,21.0,,,
Mcm7,3,,,2.0,,,,,,23.0,,,4.0
Ripk2,1,,,,,,,,,9.0,,,
Wwox,1,,,,,,,,,2.0,,,
Gna12,1,,,,,,,,,10.0,,,
Bnip3,3,9.0,,,,,,,12.0,13.0,,,
Orai1,1,,,,,,,,,17.0,,,
Pklr,1,,,,,,,,,17.0,,,
Irak4,1,,,,,,,,,22.0,,,
Lbp,2,,,,,,,,,0.0,8.0,,
P2ry2,3,,,,,,,,,10.0,9.0,9.0,
Tubb5,2,,,,,,,,17.0,23.0,,,
Foxp1,2,2.0,,,,,,,,2.0,,,
Gclc,1,,,,,,,,,2.0,,,
Agtpbp1,2,,,,,,,,22.0,18.0,,,
Hspa9,2,15.0,,,,,,,,12.0,,,
Tgm1,2,,,,,,,,12.0,15.0,,,
Ndrg1,3,,,,,,,,23.0,2.0,,,9.0
Shmt1,2,,,,,,,,0.0,21.0,,,
Ski,1,,,,,,,,,20.0,,,
Polr2e,3,,,,,,,9.0,12.0,0.0,,,
Prdx2,1,,,,,,,,,18.0,,,
Ywhag,4,,,,,,18.0,,17.0,17.0,,,17.0
S100a1,1,,,,,,,,,22.0,,,
P2ry1,5,,,15.0,16.0,,18.0,,14.0,14.0,,,
Rcan1,3,,,21.0,,,0.0,,,16.0,,,
Rpsa,2,,,,,,,,,13.0,7.0,,
Mest,1,,,,,,,,,0.0,,,
Fkbp5,9,11.0,13.0,15.0,,13.0,15.0,,15.0,14.0,12.0,,14.0
Map2k3,5,11.0,12.0,,,,,,,14.0,12.0,,14.0
Mavs,2,,,,,,19.0,,,17.0,,,
Rpgr,1,,,,,,,,,22.0,,,
S100a10,4,23.0,,2.0,,4.0,,,,1.0,,,
Galt,2,,6.0,,,,,,,23.0,,,
Cdkal1,5,,22.0,22.0,,1.0,,,22.0,23.0,,,
Lipg,2,,,,,,,,,11.0,20.0,,
Tubg1,2,,20.0,,,,,,,19.0,,,
Snta1,2,,,,,,,,,17.0,,,19.0
Mllt4,4,20.0,,,,,0.0,,20.0,23.0,,,
Eif2c2,2,,,,23.0,,,,,14.0,,,
Gas6,3,,,,,,16.0,,,20.0,11.0,,
Arhgef7,2,,,,,,,,2.0,22.0,,,
Serpine2,1,,,,,,,,,19.0,,,
Usf2,2,,9.0,,,,,,,9.0,,,
Rad9,2,,,,,,,,,22.0,13.0,,
Irf6,2,,,,,,,,,23.0,17.0,,
Map2k6,3,,,19.0,,,,,10.0,12.0,,,
Enpp2,1,,,,,,,,,12.0,,,
H6pd,4,,12.0,13.0,,,,,,3.0,14.0,,
Ifngr2,2,,,,,,,,7.0,5.0,,,
Hnrnpd,3,,,,,,9.0,,3.0,9.0,,,
Plin2,2,,,,,,,,14.0,1.0,,,
Ptprf,2,,,,,,,,,5.0,8.0,,
Pvrl1,3,,,0.0,4.0,,,,,22.0,,,
Xdh,6,,13.0,15.0,,13.0,16.0,,,14.0,12.0,,
Cxcl16,3,2.0,,,,,,,3.0,21.0,,,
Ddc,2,,,,,,,,1.0,22.0,,,
Atp2b2,3,,13.0,,,,,,,20.0,12.0,,
Apobec1,2,,,21.0,,,,,,21.0,,,
Rdx,4,,,22.0,,,,,0.0,4.0,18.0,,
Meis2,2,,,,,,,,0.0,21.0,,,
Mta1,1,,,,,,,,,4.0,,,
Ubtf,4,,9.0,6.0,,,18.0,,,6.0,,,
Clcn5,2,22.0,,,,,,,,19.0,,,
Ddb1,3,,7.0,,,,,,,15.0,9.0,,
Dsg1a,1,,,,,,,,,12.0,,,
Rad23b,1,,,,,,,,,1.0,,,
Lman1,2,,,,,,,,20.0,15.0,,,
Wee1,10,14.0,14.0,15.0,,17.0,14.0,,13.0,13.0,13.0,13.0,14.0
Mef2d,2,,,,,,,,,23.0,9.0,,
Sat1,2,,,,,0.0,,,,7.0,,,
Serpinf2,1,,,,,,,,,3.0,,,
Tnnc1,2,,,,,,,,13.0,17.0,,,
Slc29a1,6,,,12.0,8.0,,21.0,,17.0,21.0,18.0,,
Snap23,5,19.0,,22.0,,20.0,,,,22.0,19.0,,
Cd79b,3,,,,,,,,6.0,3.0,,21.0,
Slc16a1,10,,1.0,2.0,5.0,4.0,18.0,4.0,23.0,22.0,10.0,,21.0
Stx4a,1,,,,,,,,,23.0,,,
Nt5e,4,1.0,,,,,,,22.0,0.0,12.0,,
Tjp2,2,,,,,,,,23.0,22.0,,,
Tle1,3,,,,,,,,,6.0,13.0,22.0,
Aldoa,2,,,21.0,,,,,,11.0,,,
Cd151,3,,,,,12.0,,,,23.0,14.0,,
Abcb11,1,,,,,,,,,1.0,,,
Poli,1,,,,,,,,,17.0,,,
Tuba4a,5,,,23.0,,6.0,,9.0,21.0,22.0,,,
Tubb2a,4,,,0.0,,,,,22.0,22.0,,,23.0
Sort1,1,,,,,,,,,6.0,,,
Per3,12,11.0,12.0,13.0,12.0,13.0,12.0,12.0,11.0,12.0,11.0,10.0,12.0
Map2k7,8,,7.0,9.0,,,7.0,9.0,6.0,4.0,7.0,,9.0
Tfpi2,2,,,,,,,,22.0,0.0,,,
Egln1,4,,,0.0,,,,,20.0,19.0,,,21.0
Fkbp4,5,,,21.0,,,,23.0,19.0,19.0,17.0,,
Abi1,2,,,,,,,13.0,,3.0,,,
Hist1h3f,1,,,,,,,,,20.0,,,
Hnrnpc,2,,,,,4.0,,,,22.0,,,
Dynll1,3,,,,,,,,19.0,19.0,18.0,,
Ap2m1,1,,,,,,,,,23.0,,,
Cited2,4,,13.0,21.0,,,,,3.0,23.0,,,
Lpin1,6,,,17.0,,,22.0,,12.0,12.0,11.0,0.0,
Nfkbib,2,,,,,,11.0,,,0.0,,,
Peg3,5,,4.0,,23.0,,,,4.0,21.0,,,6.0
Plxna2,3,,,7.0,,,,,,23.0,12.0,,
Ncoa6,1,,,,,,,,,0.0,,,
Fzd4,7,11.0,13.0,13.0,12.0,,13.0,,,14.0,12.0,,
Dhx9,1,,,,,,,,,12.0,,,
Csnk1d,1,,,,,,,,,22.0,,,
Gtf2ird1,6,,2.0,3.0,5.0,,21.0,,,23.0,,2.0,
Atp1b1,2,,,,,,,,12.0,11.0,,,
Pdcd4,8,6.0,,12.0,,,8.0,,7.0,1.0,8.0,7.0,10.0
Traf5,2,,,,,,,,,17.0,,0.0,
Nup62,4,19.0,,,,,22.0,,,20.0,,1.0,
Rrm2,1,,,,,,,,,15.0,,,
Pnpla2,1,,,,,,,,,9.0,,,
Pea15a,2,,,,,,23.0,,,23.0,,,
Dhcr7,5,16.0,,,4.0,,,6.0,,23.0,,,22.0
Bmp1,2,,,,,,,,,21.0,8.0,,
Gckr,1,,,,,,,,,0.0,,,
Serpina6,1,,,,,,,,,13.0,,,
Prkacb,2,,,,21.0,,,,,12.0,,,
Prkag2,2,,,,,,,,,20.0,,23.0,
Slc23a2,5,,,,10.0,6.0,,10.0,,6.0,12.0,,
St6gal1,1,,,,,,,,,5.0,,,
Nr1d1,12,7.0,8.0,7.0,8.0,10.0,7.0,8.0,7.0,8.0,8.0,5.0,8.0
Ppp2r4,2,,,,,,,,,22.0,,2.0,
Stk4,2,,,,,,,,21.0,0.0,,,
Mcm4,1,,,,,,,,,22.0,,,
Brip1,2,,,,,,,,4.0,7.0,,,
Atf6,3,,,,,,20.0,,,13.0,16.0,,
Gne,1,,,,,,,,,10.0,,,
Grk5,7,,23.0,0.0,,,,,23.0,0.0,22.0,1.0,0.0
Hps1,1,,,,,,,,,5.0,,,
Hspa2,4,,,,,,,17.0,11.0,14.0,16.0,,
Avpr1a,4,,,21.0,,,,,23.0,23.0,22.0,,
Masp2,2,,,18.0,,,,,,20.0,,,
Sumo3,2,,,,,,,,0.0,0.0,,,
Tpp1,2,,,,,22.0,,,,21.0,,,
Pex5,3,,6.0,7.0,,,,,,21.0,,,
Skil,2,,,,,,,,19.0,19.0,,,
Serpina5,1,,,,,,,,,18.0,,,
M6pr,3,,,,,,,,12.0,0.0,,,4.0
Insig2,1,,,,,,,,,0.0,,,
Sorbs1,5,9.0,,,,,,21.0,19.0,7.0,13.0,,
Adam9,1,,,,,,,,,21.0,,,
Csrp3,2,,,,,,,,,3.0,4.0,,
Fmo3,4,15.0,15.0,,,,,,,16.0,13.0,,
Hfe2,1,,,,,,,,,22.0,,,
Tcirg1,1,,,,,,,,,19.0,,,
Tnpo1,1,,,,,,,,,6.0,,,
Rapgef1,2,,,,,,,,,13.0,8.0,,
Ndel1,3,,,,,,18.0,,10.0,12.0,,,
Ipo5,2,13.0,,,,,,,,13.0,,,
Trib3,1,,,,,,,,,7.0,,,
Plcb3,1,,,,,,,,,21.0,,,
Wnt5b,1,,,,,,,,,17.0,,,
Snrpb,1,,,,,,,,,21.0,,,
Ear6,1,,,,,,,,,8.0,,,
Acaca,4,,,,,,,,20.0,15.0,23.0,0.0,
Hsd17b2,1,,,,,,,,,3.0,,,
Dpysl2,6,,,,,20.0,17.0,0.0,21.0,22.0,,,20.0
Aimp1,1,,,,,,,,,8.0,,,
Ap3d1,2,,,,,,23.0,,,22.0,,,
Ggcx,3,0.0,,,,,,,,22.0,,,23.0
Irx3,1,,,,,,,,,11.0,,,
Itsn1,1,,,,,,,,,22.0,,,
Pot1a,2,,,,,,,,1.0,0.0,,,
Ppt1,1,,,,,,,,,22.0,,,
Polk,2,12.0,,,,,,,,21.0,,,
Ppargc1b,2,,,6.0,,,,,,8.0,,,
Psmc3,2,,,,,,,,,8.0,12.0,,
Tmpo,2,,,,,,,,23.0,23.0,,,
Baiap2,5,,22.0,0.0,,,,,13.0,20.0,14.0,,
Gphn,1,,,,,,,,,6.0,,,
Hist2h3c1,1,,,,,,,,,20.0,,,
Cldn2,1,,,,,,,,,1.0,,,
Actr3,1,,,,,,,,,7.0,,,
Glrx,5,,22.0,23.0,,,,,11.0,17.0,,,22.0
Gys1,4,,9.0,10.0,,,,,14.0,18.0,,,
Hus1,1,,,,,,,,,22.0,,,
Bhmt,1,,,,,,,,,1.0,,,
Cyp2a5,3,,,,,,,,14.0,13.0,11.0,,
Psma3,2,,,,,,,,0.0,10.0,,,
Psmc1,1,,,,,,,,,2.0,,,
Qdpr,1,,,,,,,,,0.0,,,
Ppp2cb,2,,,,,,,,,9.0,,23.0,
Numa1,2,,,,,,,,1.0,2.0,,,
Itpr2,2,,,,,16.0,,,,18.0,,,
Tab2,2,,,,,,,,22.0,2.0,,,
Dbp,12,9.0,10.0,11.0,11.0,11.0,10.0,10.0,10.0,10.0,10.0,10.0,11.0
Gtf2h2,1,,,,,,,,,22.0,,,
Amacr,2,,,,,,,,9.0,7.0,,,
Adcy6,4,,7.0,9.0,,,17.0,,,9.0,,,
Als2,2,,,,,,,,19.0,21.0,,,
Ap2a2,4,,,3.0,,,,,22.0,22.0,15.0,,
Dbi,2,,,,,,,,,23.0,2.0,,
Ruvbl1,2,,,,,,,,22.0,23.0,,,
Lgals9,1,,,,,,,,,2.0,,,
Jazf1,1,,,,,,,,,10.0,,,
Kif1b,2,11.0,,,,,,,,6.0,,,
Nudt1,1,,,,,,,,,1.0,,,
Mlxipl,1,,,,,,,,,22.0,,,
Mxd1,3,,,,,,,,,9.0,,14.0,10.0
P2rx4,2,,,11.0,,,,,,9.0,,,
Pcbp2,4,8.0,10.0,9.0,,,,,,11.0,,,
Stip1,9,18.0,19.0,21.0,22.0,,,23.0,18.0,19.0,17.0,,20.0
Fhl1,2,,,,,,,,12.0,22.0,,,
Gtf2h4,1,,,,,,,,,23.0,,,
Acpp,2,,,,,,,,,2.0,5.0,,
Slc4a4,5,8.0,9.0,11.0,,,,,,4.0,,,9.0
Maged1,2,,,,,8.0,,,,22.0,,,
Mapre1,1,,,,,,,,,21.0,,,
Mpi,4,,,23.0,,,19.0,,,20.0,12.0,,
Mvk,2,,,,,,,6.0,,2.0,,,
Il11ra1,2,,,,,,,,,22.0,14.0,,
Irf9,1,,,,,,,,,2.0,,,
Lpar2,2,,,,,,,,8.0,10.0,,,
Pgm2,2,,,0.0,,,,,,12.0,,,
Tuba1b,6,22.0,22.0,22.0,,,,,20.0,20.0,,,22.0
Lta4h,1,,,,,,,,,22.0,,,
Psmd7,1,,,,,,,,,0.0,,,
Hsph1,8,18.0,,18.0,21.0,20.0,,22.0,17.0,16.0,,,18.0
Ahcy,1,,,,,,,,,18.0,,,
Ap1g1,3,,,,,23.0,,,21.0,23.0,,,
B4galnt1,3,5.0,,,,,,,,0.0,,23.0,
Flnb,1,,,,,,,,,13.0,,,
Cenpa,3,,5.0,6.0,,,,,,5.0,,,
Pdgfc,4,19.0,18.0,21.0,,,,,,23.0,,,
Rangap1,3,,,,,,,,,17.0,14.0,,18.0
Sigmar1,3,,,,,,,,22.0,23.0,,,23.0
Ly6a,1,,,,,,,,,22.0,,,
Pik3c3,1,,,,,,,,,2.0,,,
Ptprj,1,,,,,,,,,22.0,,,
Taf6,1,,,,,,,,,22.0,,,
Ube2l3,1,,,,,,,,,23.0,,,
Pde4a,4,,3.0,,,,,,,18.0,9.0,4.0,
Invs,2,,,,,,,,,20.0,16.0,,
Sphk2,1,,,,,,,,,23.0,,,
Srsf3,1,,,,,,,,,19.0,,,
Anp32a,4,0.0,,2.0,,,,,2.0,23.0,,,
Atp5a1,1,,,,,,,,,22.0,,,
Acox1,1,,,,,,,,,23.0,,,
Adarb1,3,11.0,,,,,,,,12.0,14.0,,
Dach1,2,,,,,,,,5.0,12.0,,,
Hmga1,2,,,,,,,,9.0,8.0,,,
Sh2b3,3,,,,,,,,11.0,12.0,12.0,,
Psma1,2,,,,,,,,0.0,4.0,,,
Psme2,1,,,,,,,,,22.0,,,
Rab4a,1,,,,,,,,,14.0,,,
Tbce,1,,,,,,,,,4.0,,,
Mcoln1,3,,9.0,,,,,,,13.0,13.0,,
Npas2,11,23.0,0.0,0.0,23.0,0.0,0.0,,23.0,0.0,23.0,2.0,0.0
Slc6a9,3,6.0,,,,,,,9.0,14.0,,,
Sufu,1,,,,,,,,,21.0,,,
Prmt5,1,,,,,,,,,21.0,,,
Cpt1a,7,7.0,6.0,,,,8.0,,9.0,10.0,7.0,7.0,
Dock7,2,,,1.0,,,,,,1.0,,,
Cda,2,,,,,,,,12.0,22.0,,,
Hist1h2bc,3,,22.0,,,,20.0,,,22.0,,,
Hspe1,3,19.0,,,,,,,22.0,18.0,,,
Cntfr,8,,8.0,10.0,,15.0,16.0,,17.0,18.0,14.0,,13.0
Chd7,5,,,,,,21.0,,,13.0,9.0,23.0,9.0
Ubqln1,3,,,22.0,,,,,20.0,23.0,,,
Upf1,3,,,,,,18.0,,,17.0,13.0,,
Rictor,1,,,,,,,,,4.0,,,
Srgn,3,,,,,,,,19.0,20.0,,0.0,
Srpk1,3,21.0,,,,,,22.0,,19.0,,,
Psma4,1,,,,,,,,,8.0,,,
Ptk6,1,,,,,,,,,20.0,,,
Lrat,4,,,,,,11.0,,2.0,18.0,18.0,,
Psmb7,1,,,,,,,,,12.0,,,
Ap2b1,1,,,,,,,,,22.0,,,
Atg7,1,,,,,,,,,2.0,,,
Gnb2,3,,7.0,,,,,,8.0,7.0,,,
Gtf2a1,4,20.0,,23.0,,,,,19.0,1.0,,,
Hsd17b10,2,,,,,,,23.0,,0.0,,,
Hyou1,5,,,,22.0,,0.0,,19.0,17.0,19.0,,
Fzd6,1,,,,,,,,,5.0,,,
Agxt,1,,,,,,,,,4.0,,,
Rcc1,1,,,,,,,,,22.0,,,
Pfkl,1,,,,,,,,,17.0,,,
Nqo2,3,,,,,,,0.0,,0.0,,,23.0
Pcbp1,2,,,,,10.0,,,,15.0,,,
Peo1,2,,,,,,,,22.0,18.0,,,
Rev1,8,13.0,13.0,14.0,,,15.0,,14.0,12.0,13.0,,13.0
Lpp,3,,,,,,,,6.0,5.0,6.0,,
Ndst1,4,,,8.0,,,,,10.0,1.0,6.0,,
Nfic,7,12.0,15.0,15.0,,,12.0,13.0,,18.0,,,17.0
Aldob,1,,,,,,,,,15.0,,,
Banf1,1,,,,,,,,,23.0,,,
Dnm1l,4,,,0.0,,,,22.0,19.0,22.0,,,
Ganab,1,,,,,,,,,17.0,,,
Gbf1,1,,,,,,,,,22.0,,,
Pon3,3,1.0,,,,,,,,22.0,17.0,,
Sirt3,5,6.0,7.0,9.0,,,,,9.0,8.0,,,
Tra2b,1,,,,,,,,,22.0,,,
Neil1,1,,,,,,,,,22.0,,,
Igfals,1,,,,,,,,,17.0,,,
Smarce1,2,,,,,0.0,,,,23.0,,,
Spink5,1,,,,,,,,,10.0,,,
Srr,4,,,,,21.0,,,22.0,22.0,18.0,,
Psmd11,3,,7.0,,,,,,22.0,2.0,,,
Mbd3,1,,,,,,,,,17.0,,,
Ube2b,2,,,,,,,,2.0,4.0,,,
Ring1,1,,,,,,,,,2.0,,,
Sf1,2,,,11.0,,,,,,4.0,,,
Ncoa4,2,,,,,,,,15.0,15.0,,,
Nfix,1,,,,,,,,,11.0,,,
Elac2,2,,,,,,,,,2.0,10.0,,
Cd59a,2,,,,,,13.0,,,0.0,,,
Cdk8,1,,,,,,,,,9.0,,,
Gm2a,2,,,,,,10.0,,,22.0,,,
Crlf2,1,,,,,,,,,23.0,,,
Ctnnd2,3,16.0,,,,,,,,11.0,15.0,,
Cys1,8,13.0,14.0,,,,15.0,,13.0,14.0,14.0,12.0,16.0
Dctn2,1,,,,,,,,,9.0,,,
Adh4,1,,,,,,,,,2.0,,,
Arhgef12,2,,,,0.0,,,,,7.0,,,
Hes6,4,8.0,,,,,,,11.0,16.0,9.0,,
Eef2,2,,10.0,,,,,,,14.0,,,
Erbb2ip,2,,,,,,,,4.0,9.0,,,
Foxa3,1,,,,,,,,,14.0,,,
Bscl2,1,,,,,,,,,23.0,,,
Bst2,2,,,,,,,,,21.0,10.0,,
Calm1,4,,,0.0,,,,,21.0,22.0,,0.0,
Cbr1,1,,,,,,,,,18.0,,,
Ccl25,1,,,,,,,,,0.0,,,
Cdk5rap2,2,,,23.0,,,,,,2.0,,,
Mdh2,1,,,,,,,,,19.0,,,
Mtnr1a,1,,,,,,,,,0.0,,,
Slc10a2,2,,,,,,,,22.0,18.0,,,
Trim24,2,,,,,,,,,12.0,11.0,,
Ufd1l,1,,,,,,,,,0.0,,,
Rpl7,1,,,,,,,,,12.0,,,
Tle3,2,,,,,,,,7.0,1.0,,,
Tnip1,1,,,,,,,,,23.0,,,
Tnk2,2,,,,,,,,8.0,22.0,,,
Slc37a4,2,,,,,,,,13.0,14.0,,,
Stx2,3,,,,,22.0,,,22.0,20.0,,,
Nfe2l1,2,,,12.0,,,,,,0.0,,,
Man2a1,4,,,,,,13.0,,17.0,15.0,16.0,,
Ing4,1,,,,,,,,,23.0,,,
Klf10,2,7.0,,,,,,,,9.0,,,
Plin3,2,,,,,,18.0,,,0.0,,,
Pdk4,6,5.0,4.0,4.0,,,5.0,,,22.0,6.0,,
Ccbp2,1,,,,,,,,,1.0,,,
Hnrnpl,4,,,,,,,,3.0,6.0,4.0,,3.0
Clic4,3,,,3.0,,,,,21.0,22.0,,,
Cul2,1,,,,,,,,,22.0,,,
Dnaja1,2,,,,,,,17.0,,15.0,,,
Fads2,2,15.0,,,,,,,,13.0,,,
Fpgs,1,,,,,,,,,23.0,,,
Ddah1,2,,,,,,,,,3.0,19.0,,
Hapln1,3,18.0,16.0,,,,,,,17.0,,,
Hax1,1,,,,,,,,,18.0,,,
Magi1,6,2.0,,,23.0,23.0,,,6.0,2.0,,,2.0
Mlh3,4,19.0,,,,21.0,,21.0,,21.0,,,
Scap,2,,,11.0,,,,,,4.0,,,
Prep,2,,,,,,,,,15.0,,,22.0
Tsc22d3,12,14.0,15.0,16.0,15.0,14.0,14.0,14.0,15.0,15.0,13.0,16.0,16.0
Wars,3,,,,,,,,20.0,21.0,16.0,,
Slc26a6,1,,,,,,,,,21.0,,,
Pbx3,1,,,,,,,,,16.0,,,
Mgat5,2,,,,,,,,22.0,22.0,,,
Mybbp1a,2,,,,,8.0,,,,16.0,,,
Rgs16,2,,,,,14.0,,,,9.0,,,
Scarb2,3,10.0,12.0,,,,,,,11.0,,,
Ocrl,1,,,,,,,,,0.0,,,
Ppid,3,19.0,,,,,,,21.0,19.0,,,
Fdft1,5,,,14.0,,10.0,,,21.0,1.0,,,14.0
Fktn,3,,,,,,18.0,,,22.0,,,20.0
Ddit4,1,,,,,,,,,20.0,,,
Dhcr24,2,,,,,,,,0.0,16.0,,,
E2f6,4,,,21.0,21.0,,,,20.0,23.0,,,
Exoc4,2,,,0.0,,,,,,3.0,,,
Hyal1,3,,,,,,,,19.0,19.0,14.0,,
Gga2,2,,,,,,,,18.0,20.0,,,
Adcy9,4,,9.0,10.0,,,,,,5.0,11.0,,
Aqp9,2,,,,,,,3.0,,7.0,,,
Bnip3l,1,,,,,,,,,11.0,,,
Chka,5,21.0,,,,,18.0,19.0,21.0,22.0,,,
Acacb,4,,10.0,12.0,,,,,,21.0,,,16.0
Ptbp2,2,,,,,,2.0,,,6.0,,,
Mbl1,2,,,,,,,,21.0,23.0,,,
Slco1b2,1,,,,,,,,,8.0,,,
Stx7,2,,,,,,,,,22.0,14.0,,
Tnfrsf19,3,,,,,,,,,9.0,0.0,3.0,
Tpm1,1,,,,,,,,,23.0,,,
Pelp1,1,,,,,,,,,0.0,,,
Insig1,5,,,,,7.0,2.0,,20.0,19.0,,1.0,
Lasp1,4,0.0,0.0,,,,22.0,,,23.0,,,
Irgm1,1,,,,,,,,,23.0,,,
Lgals3bp,1,,,,,,,,,0.0,,,
Slc7a2,7,8.0,,,15.0,16.0,11.0,,,8.0,12.0,16.0,
Sord,3,,,,,,,,14.0,15.0,12.0,,
Plscr1,1,,,,,,,,,2.0,,,
Med12,6,,6.0,8.0,,9.0,,10.0,,23.0,7.0,,
Urod,2,,,,,,,,,14.0,11.0,,
Rfc4,2,,,,,,,,,1.0,17.0,,
Sfxn1,2,,,,,,,,,19.0,,0.0,
Enpep,6,,3.0,0.0,,,3.0,,,17.0,,1.0,0.0
Arid1a,1,,,,,,,,,2.0,,,
Gpam,6,8.0,8.0,8.0,,,,8.0,,19.0,,9.0,
Hdgf,3,,,,,,,,17.0,18.0,12.0,,
Flcn,4,,8.0,10.0,,,,,,6.0,11.0,,
Cct5,3,,,,,,,20.0,20.0,17.0,,,
Adamts9,3,,,,,,1.0,,,4.0,,,6.0
Aco2,1,,,,,,,,,15.0,,,
Gpd2,1,,,,,,,,,9.0,,,
Gtf2h3,1,,,,,,,,,21.0,,,
Aspa,2,,,,,,,,8.0,17.0,,,
Atp6v1e1,1,,,,,,,,,9.0,,,
Bbs4,1,,,,,,,,,23.0,,,
Cbx2,1,,,,,,,,,23.0,,,
Clec16a,1,,,,,,,,,17.0,,,
Rcor1,2,,,,,,,,20.0,23.0,,,
Slc1a5,8,9.0,11.0,,12.0,,13.0,,13.0,18.0,12.0,,13.0
Snrpd3,3,,,1.0,,,,,,22.0,,,22.0
Ppif,2,,,,,,,6.0,,16.0,,,
Psmb2,1,,,,,,,,,22.0,,,
Zmpste24,2,,,,,,,,,22.0,16.0,,
Parp2,2,,,,,,6.0,,,1.0,,,
Plod1,2,,,,,,,,,19.0,17.0,,
Ptprb,2,,,,,,,,19.0,18.0,,,
Stam2,1,,,,,,,,,4.0,,,
Rap2a,1,,,,,,,,,17.0,,,
Serpinb9,4,,,,,22.0,,,22.0,3.0,,23.0,
Map4k4,6,21.0,2.0,3.0,,,,,,0.0,4.0,,1.0
Mus81,2,,,,,,,5.0,,19.0,,,
Klf9,8,8.0,9.0,9.0,11.0,,10.0,,,5.0,12.0,9.0,
Cth,2,,,20.0,,,,,,2.0,,,
Ifrd1,2,,,,,,,,,11.0,16.0,,
Arl6ip5,1,,,,,,,,,21.0,,,
Atp8b1,1,,,,,,,,,21.0,,,
Bcap31,1,,,,,,,,,22.0,,,
Cops6,1,,,,,,,,,0.0,,,
Herpud1,9,10.0,11.0,,,14.0,16.0,,12.0,12.0,11.0,13.0,12.0
Hps4,1,,,,,,,,,2.0,,,
Tet2,3,,,,,5.0,,6.0,,22.0,,,
Ppl,6,10.0,,18.0,,,12.0,,,15.0,12.0,11.0,
Ppp2r1b,3,,,,,,,22.0,22.0,0.0,,,
Rad51c,4,19.0,,,,,,22.0,18.0,19.0,,,
Mbnl1,4,,,23.0,19.0,,,,,11.0,,,23.0
Med14,3,,,,,,,,10.0,14.0,14.0,,
Mknk1,2,,,,,,,,,15.0,11.0,,
Rfc3,3,,,3.0,,,6.0,,,2.0,,,
Itga8,3,6.0,,,,,,,5.0,4.0,,,
Lipa,3,,,,,,11.0,,12.0,21.0,,,
Litaf,9,1.0,0.0,2.0,,2.0,1.0,,0.0,23.0,0.0,,3.0
Uba52,1,,,,,,,,,23.0,,,
Umps,1,,,,,,,,,18.0,,,
Wwtr1,2,,,,,,,22.0,,8.0,,,
Sipa1,2,,,,,,,,,22.0,,0.0,
Slc19a2,3,4.0,,,,,,,,2.0,14.0,,
St3gal5,2,,,,,,,,,13.0,,,22.0
Nid2,3,,,,,,,,0.0,22.0,16.0,,
Terf2ip,2,,,,,,,,,0.0,18.0,,
Phka2,3,9.0,,,,,,,10.0,4.0,,,
Prkd3,3,4.0,,,,,,,4.0,5.0,,,
Pgd,2,,,,,,,,,22.0,,,22.0
Zbtb7b,1,,,,,,,,,1.0,,,
Sbds,2,,,,,,,,,10.0,14.0,,
Gart,2,,,,,,,,,19.0,10.0,,
Cnbp,1,,,,,,,,,22.0,,,
Cct3,2,,,,,,,,21.0,20.0,,,
Chn2,2,,,14.0,,,,,,12.0,,,
Ehd1,3,,,,,,16.0,,,18.0,,,21.0
Elk3,7,22.0,,,,,0.0,,0.0,23.0,2.0,0.0,23.0
Agfg1,2,,,,,,,,,7.0,14.0,,
Alas1,5,10.0,,,,,,,14.0,12.0,11.0,,15.0
Ablim1,1,,,,,,,,,22.0,,,
Fdps,5,18.0,23.0,23.0,,,,,22.0,23.0,,,
Gba2,2,,,,,,,,,9.0,9.0,,
Gfer,1,,,,,,,,,22.0,,,
Ctf1,1,,,,,,,,,22.0,,,
Dut,1,,,,,,,,,0.0,,,
Elmo1,3,,,,18.0,,,,,21.0,11.0,,
Epha6,2,,,,22.0,,,,,12.0,,,
Rbmx,2,,,,,,11.0,,,23.0,,,
Rnf4,2,,,5.0,,,,,,5.0,,,
Slc39a4,2,,,,,,,,,22.0,14.0,,
Smarcc2,1,,,,,,,,,2.0,,,
Son,1,,,,,,,,,4.0,,,
Sorbs3,3,,,,,7.0,,,,4.0,12.0,,
Srsf5,4,,,4.0,,,7.0,,,6.0,,7.0,
Stom,2,,,,,,,,20.0,4.0,,,
Ulk1,1,,,,,,,,,7.0,,,
Mllt3,2,,,,,,,,,18.0,14.0,,
Mtap,5,,21.0,22.0,,,,2.0,,22.0,,,21.0
Tax1bp1,1,,,,,,,,,8.0,,,
Tef,11,11.0,12.0,12.0,11.0,13.0,13.0,,11.0,12.0,12.0,10.0,12.0
Pcca,2,,,,,,,,,22.0,22.0,,
Pde3b,2,9.0,,,,,,,,16.0,,,
Lin7c,2,,,,,,,,,14.0,14.0,,
Snd1,2,,,,,,,,19.0,16.0,,,
Recql,1,,,,,,,,,22.0,,,
Ppm1a,1,,,,,,,,,9.0,,,
Ptp4a1,3,12.0,,,,,,,,14.0,17.0,,
Pfkfb3,9,8.0,8.0,8.0,,,10.0,,11.0,12.0,10.0,4.0,9.0
Gss,1,,,,,,,,,12.0,,,
Gstm7,3,3.0,,,,,,,,0.0,4.0,,
Amd1,4,,,,,,14.0,,18.0,13.0,,,16.0
Atf5,1,,,,,,,,,0.0,,,
Atp6v0a2,1,,,,,,,,,15.0,,,
Clk1,1,,,,,,,,,5.0,,,
Cpeb1,6,10.0,10.0,,,,,,,8.0,11.0,1.0,10.0
Dbt,4,,,,17.0,20.0,,,,20.0,16.0,,
Ddx17,2,,,,,,,,23.0,0.0,,,
Derl1,4,,23.0,1.0,,,,4.0,,11.0,,,
Dpp10,1,,,,,,,,,12.0,,,
Eif4b,5,8.0,9.0,9.0,,,,,,7.0,,,11.0
Gabpb1,5,,,,,,2.0,,0.0,2.0,3.0,,0.0
Hist2h3c2,3,18.0,,,,,,,20.0,19.0,,,
Atp6v1b2,2,,,,,,,,2.0,1.0,,,
Blmh,2,,,,,,,,22.0,2.0,,,
Brd7,1,,,,,,,,,2.0,,,
Camkk2,2,,13.0,,,,,,,22.0,,,
Nmnat1,3,,,22.0,,,,,,21.0,18.0,,
Med24,4,,23.0,1.0,,,,,0.0,22.0,,,
Mgrn1,4,,7.0,6.0,,,22.0,,,9.0,,,
Stambp,2,,,,,,9.0,,,1.0,,,
Tep1,2,,,9.0,,,,,,0.0,,,
Tpst2,2,,,,,12.0,,,,22.0,,,
Pkp2,3,,,23.0,,,6.0,,,0.0,,,
Wwp1,1,,,,,,,,,15.0,,,
Ptprk,5,2.0,,,,22.0,,,0.0,3.0,3.0,,
Rab9,1,,,,,,,,,23.0,,,
Shmt2,1,,,,,,,,,23.0,,,
Slc38a2,4,,,,16.0,,,17.0,,10.0,,20.0,
Smarcd1,2,,,,,7.0,,,,0.0,,,
Stam,2,,,,,,22.0,,,3.0,,,
Naglu,1,,,,,,,,,20.0,,,
Ncbp2,2,,,,,,,,21.0,19.0,,,
Neb,1,,,,,,,,,4.0,,,
Sun2,2,,,,,,,,8.0,6.0,,,
Tada3,1,,,,,,,,,22.0,,,
Tk2,2,,,,,,,,,5.0,,,8.0
Kdm4a,2,,,,,,,12.0,,23.0,,,
Tst,3,,,,,,,8.0,12.0,22.0,,,
Ubr5,1,,,,,,,,,13.0,,,
Vps4b,4,,,6.0,,,,,9.0,6.0,7.0,,
Bhlhe41,11,9.0,9.0,10.0,,11.0,10.0,11.0,11.0,9.0,10.0,8.0,9.0
Bop1,2,,,,,10.0,,,,17.0,,,
Gstm4,5,4.0,,,,8.0,,,7.0,3.0,4.0,,
Htatip2,1,,,,,,,,,0.0,,,
Eif3b,2,,,,,,,,20.0,20.0,,,
Fnbp1,5,,,2.0,4.0,,,,,3.0,,0.0,8.0
As3mt,1,,,,,,,,,20.0,,,
Atic,2,,,,,,,,,17.0,8.0,,
Acly,6,19.0,22.0,23.0,,,,,22.0,20.0,,23.0,
Acp2,1,,,,,,,,,22.0,,,
Cops8,1,,,,,,,,,21.0,,,
Cyp4b1,3,,,,,,,,,19.0,18.0,19.0,
Dgcr14,2,,8.0,,,,,,,2.0,,,
Cnot7,1,,,,,,,,,7.0,,,
Cyth1,4,9.0,7.0,8.0,,,,,,9.0,,,
Dgat2,8,,,15.0,8.0,10.0,15.0,,12.0,14.0,9.0,,21.0
Eef1b2,1,,,,,,,,,22.0,,,
Btg1,5,,0.0,,,,,,0.0,23.0,,0.0,22.0
Cables1,5,,,,15.0,13.0,,,,5.0,9.0,,21.0
Ccnc,3,,,,,,,,22.0,23.0,,,0.0
Hadh,4,6.0,,,,9.0,,,14.0,22.0,,,
Hist1h1d,1,,,,,,,,,18.0,,,
Abcd2,3,,,23.0,,,,,17.0,9.0,,,
Agl,2,,,22.0,,,,,,12.0,,,
Aldh7a1,2,,,,,,,23.0,,23.0,,,
Anapc1,2,,,2.0,,,,,,1.0,,,
Appl1,2,,,,,,,,1.0,1.0,,,
Osbpl5,3,,,12.0,,,,,,14.0,11.0,,
Pcbd1,2,,,,,7.0,,,,23.0,,,
Tenc1,10,9.0,10.0,9.0,,10.0,10.0,,9.0,8.0,10.0,9.0,9.0
Slc1a4,3,,,,4.0,,,5.0,,21.0,,,
Slc34a2,2,,,,,,,,1.0,22.0,,,
Zhx2,6,,16.0,18.0,,,20.0,,,18.0,16.0,1.0,
Mfn1,1,,,,,,,,,10.0,,,
Mthfd2,1,,,,,,,,,22.0,,,
Mtss1,5,,12.0,13.0,,,3.0,,11.0,13.0,,,
Neu3,1,,,,,,,,,22.0,,,
Sgpl1,3,,9.0,10.0,,,,,,22.0,,,
Klf13,8,,14.0,14.0,,12.0,12.0,12.0,12.0,12.0,12.0,,
Uros,2,,,,,,,,,0.0,21.0,,
Twsg1,3,,,22.0,,,,,23.0,14.0,,,
Whsc2,1,,,,,,,,,22.0,,,
Xaf1,2,,,,,,,,,3.0,7.0,,
Mapre2,8,,15.0,18.0,22.0,,18.0,,16.0,16.0,14.0,,17.0
Mgea5,4,,,21.0,22.0,,,20.0,,5.0,,,
Mmp19,1,,,,,,,,,20.0,,,
St3gal1,2,,,,,,,,,23.0,,23.0,
Pbrm1,2,,,,,,0.0,,,4.0,,,
Pdhb,2,,,,,,,,,11.0,,,21.0
Pdia4,7,,,,21.0,,1.0,21.0,20.0,22.0,21.0,23.0,
Tacc2,5,10.0,,,,,16.0,,,22.0,10.0,,10.0
Kdm5b,1,,,,,,,,,0.0,,,
Nhej1,1,,,,,,,,,22.0,,,
S1pr5,2,,,10.0,,,,,,18.0,,,
Alms1,1,,,,,,,,,22.0,,,
Cct7,4,18.0,,,,,,0.0,19.0,18.0,,,
Ddx1,1,,,,,,,,,21.0,,,
Eef1g,1,,,,,,,,,16.0,,,
Ero1l,1,,,,,,,,,14.0,,,
Hbp1,5,,,2.0,,,7.0,,,2.0,,8.0,5.0
Hist1h1b,1,,,,,,,,,19.0,,,
Acsl1,8,9.0,9.0,8.0,,4.0,,,23.0,21.0,11.0,,12.0
Acsl4,4,19.0,,,,,,,20.0,18.0,17.0,,
Cln6,4,,12.0,12.0,,,,,,9.0,,,10.0
Cradd,2,,,,,,,,5.0,22.0,,,
Csde1,1,,,,,,,,,13.0,,,
Atp6v0a1,1,,,,,,,,,23.0,,,
Bptf,1,,,,,,,,,3.0,,,
Cabin1,3,,8.0,8.0,,,,,,7.0,,,
Eif2b1,1,,,,,,,,,14.0,,,
Eif3f,1,,,,,,,,,13.0,,,
Rfc5,1,,,,,,,,,2.0,,,
Rhod,2,,,,,,,,0.0,0.0,,,
Sec14l2,3,,,,,10.0,,,,22.0,15.0,,
Trappc2,4,,,0.0,,,,,21.0,22.0,,,21.0
Txn2,1,,,,,,,,,19.0,,,
Usp18,1,,,,,,,,,5.0,,,
Yars,3,,,,,,,3.0,20.0,21.0,,,
Net1,6,8.0,,,12.0,10.0,,12.0,20.0,22.0,,,
Pqbp1,1,,,,,,,,,22.0,,,
Prkd2,2,,,,,,,,,23.0,8.0,,
Prpf19,1,,,,,,,,,6.0,,,
Prps1,1,,,,,,,,,21.0,,,
Kdm3a,2,,,,,,,,0.0,4.0,,,
Orm1,2,,,,,,,,,20.0,,22.0,
Pdxk,7,,15.0,16.0,,,16.0,,13.0,16.0,14.0,13.0,
Sorbs2,3,21.0,,,,,,,3.0,23.0,,,
Tln2,3,,,0.0,,,,,8.0,0.0,,,
Lss,4,17.0,,,,,,,20.0,21.0,12.0,,
Manba,3,,,,,,0.0,,21.0,18.0,,,
Vars,2,,,,,,,8.0,,22.0,,,
Fmo1,9,,16.0,17.0,15.0,,17.0,,14.0,18.0,17.0,17.0,18.0
Fut8,3,12.0,,13.0,,,,,,20.0,,,
Gcnt2,2,,,,,,,,9.0,9.0,,,
Asl,2,,,,,,,,10.0,16.0,,,
Atp4a,1,,,,,,,,,22.0,,,
Bbs2,2,,,,,,,21.0,,0.0,,,
Abca2,2,,,,,,17.0,,,1.0,,,
Abce1,3,,,,,,,,20.0,18.0,,,21.0
Cs,2,,,,,,,,,0.0,6.0,,
Dmtf1,4,19.0,,,,,,21.0,23.0,2.0,,,
Dpp3,1,,,,,,,,,23.0,,,
Erp29,2,,,,,,,,20.0,21.0,,,
Exosc2,1,,,,,,,,,19.0,,,
Hist1h1c,7,2.0,,1.0,5.0,4.0,,,3.0,19.0,,,1.0
Homer2,3,,,,,,15.0,16.0,,13.0,,,
Grb14,4,,22.0,0.0,,,,,,3.0,2.0,,
Hdac8,2,,,,,,,21.0,,0.0,,,
Hlf,11,12.0,12.0,12.0,13.0,14.0,12.0,,13.0,14.0,12.0,11.0,12.0
2610301G19Rik,3,,,6.0,,,,,7.0,23.0,,,
Fat1,2,,,,,,,,2.0,22.0,,,
Gas2,1,,,,,,,,,1.0,,,
Antxr2,3,1.0,,,,,,,,22.0,,3.0,
Aph1b,3,18.0,,,,,,,,19.0,18.0,,
Aqp8,3,,,,,,3.0,,1.0,23.0,,,
Camk1d,1,,,,,,,,,2.0,,,
Capzb,1,,,,,,,,,22.0,,,
Cct2,1,,,,,,,,,18.0,,,
Cyc1,1,,,,,,,,,16.0,,,
Eif4a2,2,,,,,,,,0.0,6.0,,,
Ndufv1,1,,,,,,,,,22.0,,,
Nucks1,4,,,0.0,,,8.0,,,17.0,,,23.0
Maml1,1,,,,,,,,,4.0,,,
Shank2,3,,,,,,,,0.0,21.0,8.0,,
Slc30a1,5,,,,5.0,,10.0,,,17.0,,9.0,8.0
Sptlc2,1,,,,,,,,,22.0,,,
Stxbp2,5,,7.0,9.0,,,8.0,,10.0,6.0,,,
Pex1,4,,,,22.0,,23.0,20.0,,20.0,,,
Tnpo3,3,,,,,0.0,,,22.0,17.0,,,
Setd8,2,,,,,,,,,18.0,,,21.0
Pnkd,4,,1.0,4.0,,,,,0.0,22.0,,,
Pnpla6,3,,,,23.0,,,,23.0,19.0,,,
Ppp1r9a,2,20.0,,,,,,,,4.0,,,
Txndc5,1,,,,,,,,,16.0,,,
Trib1,6,,7.0,8.0,,,12.0,12.0,,13.0,13.0,,
Srrm2,2,,,,,,23.0,,,5.0,,,
Robo4,1,,,,,,,,,0.0,,,
Scn3a,2,,,,,,,,,12.0,4.0,,
Sec23a,1,,,,,,,,,15.0,,,
7-Sep,2,,,,,,,,21.0,23.0,,,
Pi4k2a,3,,,2.0,,,,,22.0,23.0,,,
Pla2g15,3,,,5.0,,,,,,18.0,,,23.0
Rab14,2,,,,,,,,0.0,2.0,,,
Eno3,2,10.0,,,,,,,,18.0,,,
Etfdh,1,,,,,,,,,4.0,,,
Ezh1,3,,,7.0,,,,,,23.0,,,10.0
Fxyd1,2,,,,,,,,15.0,22.0,,,
Gale,1,,,,,,,,,21.0,,,
Glrx2,1,,,,,,,,,22.0,,,
Gypc,6,23.0,22.0,0.0,,,17.0,,,19.0,,,22.0
Hnrpdl,4,,,,9.0,,11.0,,6.0,8.0,,,
Hspbp1,1,,,,,,,,,22.0,,,
Cobra1,1,,,,,,,,,22.0,,,
Gldc,3,,,,,19.0,,,19.0,22.0,,,
Dlgap1,1,,,,,,,,,7.0,,,
Atp5g1,2,,,,,11.0,,,,17.0,,,
Hist2h2be,6,20.0,,,,22.0,17.0,,22.0,22.0,21.0,,
Hsf4,1,,,,,,,,,14.0,,,
Icmt,1,,,,,,,,,16.0,,,
Cirbp,8,6.0,6.0,5.0,10.0,,10.0,10.0,6.0,4.0,,,
Ddx6,1,,,,,,,,,10.0,,,
Pnpt1,3,,,,,,,,22.0,22.0,,,22.0
Ppap2a,3,21.0,,,,,,,21.0,23.0,,,
Ube2k,4,,,,,,,18.0,20.0,0.0,17.0,,
Scamp1,1,,,,,,,,,9.0,,,
Sf3b3,3,,,,,,0.0,,23.0,3.0,,,
Klf12,3,,,,0.0,,,,8.0,2.0,,,
Lect1,1,,,,,,,,,12.0,,,
Mmp15,7,3.0,,23.0,,,23.0,,0.0,13.0,3.0,,1.0
Mov10,3,,,,,,,,10.0,6.0,6.0,,
Mtap7,4,,,,17.0,,,16.0,22.0,0.0,,,
Myo18a,2,,,,,,,,,10.0,8.0,,
Ssbp1,1,,,,,,,,,1.0,,,
Stim2,1,,,,,,,,,13.0,,,
Plekha1,2,,,,,,,,21.0,22.0,,,
Pcsk4,1,,,,,,,,,9.0,,,
Pde7a,3,,,23.0,,,18.0,,,16.0,,,
Pdlim1,1,,,,,,,,,21.0,,,
Pgam1,3,23.0,,,,,17.0,,,22.0,,,
Tacc1,1,,,,,,,,,18.0,,,
Trim37,2,,,,,,,,,20.0,12.0,,
Lmo7,3,,,,,,10.0,,,14.0,14.0,,
Nap1l1,1,,,,,,,,,19.0,,,
Ndufs3,1,,,,,,,,,13.0,,,
Nfil3,10,0.0,21.0,21.0,,1.0,21.0,,21.0,21.0,22.0,20.0,21.0
Rbbp5,1,,,,,,,,,0.0,,,
Ckap5,2,,,,,,,,22.0,22.0,,,
Dguok,1,,,,,,,,,23.0,,,
Dyrk1b,3,,,,,,11.0,,6.0,4.0,,,
Eif2s3x,1,,,,,,,,,22.0,,,
Btd,1,,,,,,,,,22.0,,,
Cadps,1,,,,,,,,,12.0,,,
Cdo1,4,,,23.0,,,,,12.0,6.0,,22.0,
Gas7,3,22.0,,,7.0,,,,,2.0,,,
Gatm,3,8.0,,,,,,,0.0,0.0,,,
Gtf3c1,1,,,,,,,,,19.0,,,
Agap2,6,12.0,,12.0,,12.0,12.0,,,18.0,,,13.0
Ak2,4,8.0,9.0,11.0,,,,,,12.0,,,
Atp6ap1,1,,,,,,,,,19.0,,,
Aktip,2,,,,,,,,,23.0,17.0,,
Arl3,1,,,,,,,,,21.0,,,
Atp6v0d1,1,,,,,,,,,17.0,,,
Brd8,1,,,,,,,,,4.0,,,
C8g,1,,,,,,,,,0.0,,,
Cacybp,7,18.0,21.0,21.0,20.0,,,,19.0,18.0,,,20.0
Cars,1,,,,,,,,,3.0,,,
Cstf1,1,,,,,,,,,22.0,,,
Endog,2,,,,,,,10.0,,17.0,,,
Enox2,1,,,,,,,,,2.0,,,
Gstk1,2,3.0,,,,,,,,22.0,,,
Hal,1,,,,,,,,,1.0,,,
Rec8,1,,,,,,,,,11.0,,,
Rpl28,1,,,,,,,,,22.0,,,
Sec31a,3,,,8.0,,,,,17.0,15.0,,,
Slc12a4,4,,,,,,14.0,,,12.0,11.0,9.0,
Zfp36l1,5,,23.0,22.0,,,19.0,,20.0,21.0,,,
Maz,1,,,,,,,,,22.0,,,
Os9,2,,,,,,,,,23.0,13.0,,
Plod3,2,,,,22.0,,,,,19.0,,,
Pomt1,5,,2.0,3.0,,,,,,0.0,20.0,,23.0
Ppa1,2,,,,,,,,20.0,22.0,,,
Ppfia1,2,,,,,,20.0,,,23.0,,,
Rabggta,2,,,,,,,,12.0,19.0,,,
Ncald,2,,,,,,,,,2.0,1.0,,
Wsb1,6,23.0,,,,,0.0,,23.0,3.0,2.0,23.0,
Kifap3,3,19.0,,,,,,,23.0,0.0,,,
Papss1,1,,,,,,,,,20.0,,,
Pglyrp2,1,,,,,,,,,0.0,,,
Slc47a1,2,,,,12.0,,,,,21.0,,,
11-Sep,6,,,0.0,,,0.0,,22.0,22.0,22.0,,1.0
Suox,2,,,,,,,,,23.0,19.0,,
Thoc5,1,,,,,,,,,19.0,,,
Lrpprc,1,,,,,,,,,14.0,,,
Mad2l2,4,7.0,,,,,,,12.0,0.0,14.0,,
Med6,2,,,,,,,,22.0,23.0,,,
Mrpl23,2,,,,,7.0,,,,23.0,,,
Msi2,1,,,,,,,,,3.0,,,
Znrd1,2,,,,,,21.0,,,22.0,,,
Tspan7,1,,,,,,,,,22.0,,,
Usp2,12,11.0,12.0,13.0,12.0,12.0,12.0,12.0,12.0,12.0,12.0,11.0,14.0
Pnkp,2,,,,,,,,,23.0,8.0,,
Ppp6r3,2,,,,,,,,22.0,4.0,,,
Rab17,1,,,,,,,,,4.0,,,
Ap3m1,2,,,22.0,,,,,,11.0,,,
Bag4,2,,6.0,,,,,,,6.0,,,
Bcar3,3,,,,,,,,,22.0,12.0,0.0,
Cad,1,,,,,,,,,15.0,,,
Cct6a,1,,,,,,,,,16.0,,,
Acsl3,4,,,,,,23.0,22.0,21.0,19.0,,,
Acsl5,3,,,,,,,,1.0,0.0,,,23.0
4932438A13Rik,6,22.0,0.0,1.0,,,,,0.0,23.0,,,0.0
Anp32e,1,,,,,,,,,20.0,,,
Hdac11,3,,,,,,,,7.0,5.0,9.0,,
Clcn6,2,,,,,,,,22.0,22.0,,,
Clptm1,2,,,10.0,,,,,,20.0,,,
Cox5b,1,,,,,,,,,23.0,,,
Dync2h1,3,17.0,,,,,,,,16.0,13.0,,
Erc1,1,,,,,,,,,16.0,,,
Calcoco1,4,,,,,,12.0,,7.0,5.0,,,8.0
Car14,3,,,,,,17.0,,11.0,23.0,,,
G3bp2,4,18.0,,,,,,1.0,22.0,22.0,,,
Gabarapl1,6,5.0,9.0,9.0,,,,,3.0,5.0,,,10.0
Ggct,3,,,23.0,,,,,2.0,23.0,,,
Nfx1,1,,,,,,,,,7.0,,,
Mcc,5,,,,,20.0,23.0,,22.0,2.0,,0.0,
Mcfd2,3,,,,,,,,17.0,21.0,18.0,,
Med15,3,,,10.0,,,,,,1.0,,7.0,
Mgll,1,,,,,,,,,16.0,,,
Mkl2,5,,15.0,16.0,,1.0,,,0.0,21.0,,,
Slc27a2,3,,8.0,9.0,,,,,,10.0,,,
Snrpg,1,,,,,,,,,0.0,,,
Srgap3,1,,,,,,,,,0.0,,,
Srxn1,2,,,,,,,,0.0,0.0,,,
Stk24,4,22.0,,,,,2.0,,2.0,4.0,,,
Synj2,4,,,13.0,,,12.0,,,11.0,,8.0,
Tgoln1,2,,11.0,,,,,,,0.0,,,
Thrap3,3,,7.0,,,,,,,6.0,7.0,,
Thrsp,5,,,,,,13.0,,17.0,16.0,,20.0,19.0
Ripk4,3,,,,,,,,13.0,14.0,16.0,,
Sc5d,2,,,,,,,,9.0,0.0,,,
Pik3c2g,3,,,,,,,,11.0,21.0,4.0,,
Pitrm1,1,,,,,,,,,23.0,,,
Prim1,2,,,6.0,,,,,,23.0,,,
Rabac1,2,,,,,,,,,14.0,10.0,,
Zw10,3,,,,,,21.0,,22.0,17.0,,,
Uck2,1,,,,,,,,,18.0,,,
Usp39,1,,,,,,,,,17.0,,,
Xk,2,,,19.0,,,,,,22.0,,,
Yeats4,2,,,,,,,,0.0,3.0,,,
Tubg2,1,,,,,,,,,18.0,,,
Tufm,1,,,,,,,,,23.0,,,
Ube2l6,1,,,,,,,,,0.0,,,
Syt3,3,,,8.0,,,,9.0,,23.0,,,
Tns1,3,,,,,11.0,,,,15.0,16.0,,
Tpst1,3,,,,,,,,,16.0,11.0,,0.0
Slc16a7,4,,,18.0,,,,,0.0,14.0,12.0,,
Slc38a3,5,,,,8.0,7.0,,7.0,9.0,9.0,,,
Slc4a7,2,,,,,,,19.0,,10.0,,,
Smarcal1,2,,,23.0,,,,,,23.0,,,
Spg20,1,,,,,,,,,22.0,,,
Ssr1,4,,,0.0,,,,,20.0,21.0,21.0,,
Ndfip1,1,,,,,,,,,11.0,,,
Ndufs7,2,,,,,,,,,21.0,20.0,,
Nsfl1c,1,,,,,,,,,1.0,,,
Morf4l2,3,18.0,,,,,,,19.0,21.0,,,
Ormdl3,4,10.0,9.0,9.0,,,,,,20.0,,,
Klf15,7,8.0,,11.0,12.0,12.0,,,11.0,12.0,12.0,,
Laptm4b,2,,,,,,,,,0.0,19.0,,
Zmynd8,4,20.0,,,,,,,23.0,23.0,0.0,,
Rdh11,1,,,,,,,,,0.0,,,
Sae1,3,,,,,,,0.0,22.0,23.0,,,
Sars,1,,,,,,,,,3.0,,,
Sbf2,1,,,,,,,,,4.0,,,
Sema4a,4,,,,5.0,8.0,,,4.0,23.0,,,
Ppp1r11,2,,,,,21.0,,,,22.0,,,
Pygb,1,,,,,,,,,18.0,,,
Rai14,2,,,,,,,,4.0,23.0,,,
Fgfrl1,3,9.0,,,4.0,,,,,8.0,,,
Gbe1,3,,,,,,,,18.0,15.0,12.0,,
Gsta4,4,,,,,,,,17.0,20.0,11.0,,21.0
Hook1,2,,,,,,,,21.0,14.0,,,
Hsd17b12,1,,,,,,,,,1.0,,,
Iars,3,,,,,,9.0,,21.0,19.0,,,
Ifitm1,6,,,,14.0,,,15.0,16.0,20.0,16.0,16.0,
Adam23,3,12.0,,,,,,,,21.0,7.0,,
Adc,3,,,,,,,,,10.0,8.0,,10.0
Agpat2,1,,,,,,,,,21.0,,,
Cdcp1,1,,,,,,,,,22.0,,,
Chkb,2,,,8.0,,,,,,2.0,,,
Crim1,4,,,,,17.0,,,,12.0,14.0,9.0,
Dact1,3,,,,,12.0,,,22.0,13.0,,,
Edem1,4,,,0.0,,,,,18.0,20.0,,23.0,
Erf,4,,9.0,,,,,,12.0,7.0,10.0,,
Evi5,1,,,,,,,,,0.0,,,
Dock4,3,,,,,,2.0,,0.0,4.0,,,
Acot7,1,,,,,,,,,19.0,,,
Gmeb1,1,,,,,,,,,23.0,,,
Gsta3,7,,18.0,21.0,,,17.0,,,20.0,16.0,20.0,20.0
Ifi30,1,,,,,,,,,23.0,,,
Copg2,1,,,,,,,,,3.0,,,
Cyp2f2,3,,,,14.0,,,,,22.0,,19.0,
Ddt,1,,,,,,,,,22.0,,,
Afg3l2,1,,,,,,,,,11.0,,,
Anapc11,1,,,,,,,,,23.0,,,
Ankrd17,2,,,,22.0,,,,,7.0,,,
Card10,1,,,,,,,,,9.0,,,
Ccrn4l,5,,,,,,13.0,,13.0,12.0,,14.0,22.0
Cd164,2,,,22.0,,,,,,2.0,,,
Cgn,2,,,,,,,,23.0,21.0,,,
Chmp4b,1,,,,,,,,,0.0,,,
Pomt2,2,,,,,,18.0,,,17.0,,,
Psmd14,3,,,,,,,,22.0,23.0,,,22.0
Rab21,1,,,,,,,,,0.0,,,
P2ry4,1,,,,,,,,,23.0,,,
Paics,1,,,,,,,,,0.0,,,
Slc20a2,5,4.0,,,6.0,,,,6.0,4.0,7.0,,
Slc36a1,2,,,,,,,,,22.0,10.0,,
Slco2b1,3,9.0,,,,,,,16.0,22.0,,,
Snx3,2,,,,,,,,22.0,22.0,,,
Stard5,4,,,,,,,,11.0,13.0,15.0,17.0,
Stk16,1,,,,,,,,,19.0,,,
Uvrag,2,,,,,,,,,13.0,12.0,,
Wdr36,2,,,,,,,,,15.0,,,21.0
Lrp4,2,,,,,,,,14.0,14.0,,,
Mbnl2,4,,,20.0,,,16.0,,13.0,14.0,,,
Med28,2,,,,,,,,0.0,0.0,,,
Mpzl1,6,0.0,,,,,2.0,0.0,1.0,23.0,1.0,,
Nr1d2,12,9.0,10.0,10.0,12.0,13.0,11.0,12.0,10.0,9.0,10.0,10.0,10.0
Rfx4,1,,,,,,,,,3.0,,,
Rpl18,1,,,,,,,,,22.0,,,
Rrp1b,1,,,,,,,,,21.0,,,
Inhbc,1,,,,,,,,,17.0,,,
Kcnc3,2,,,,,,,,,19.0,5.0,,
Kifc3,1,,,,,,,,,19.0,,,
Zranb2,2,,,,,,,,22.0,21.0,,,
Luc7l2,1,,,,,,,,,8.0,,,
Mknk2,6,,15.0,16.0,,,17.0,,14.0,12.0,12.0,,
Mthfd1l,9,11.0,13.0,,,12.0,11.0,11.0,12.0,13.0,11.0,,13.0
Sh2d3c,3,,,,,,,,9.0,20.0,12.0,,
Skiv2l,2,,,,,,,,11.0,22.0,,,
Slc5a3,4,,,22.0,21.0,,,,,17.0,,,4.0
Sntb1,2,,,21.0,,,,,,23.0,,,
Prmt3,2,,,,,,,,21.0,17.0,,,
P4ha2,4,,,17.0,,,18.0,,,17.0,14.0,,
Phf17,4,,,3.0,,,,,7.0,7.0,,,8.0
Tdo2,2,,,,,19.0,,,,11.0,,,
Top3b,1,,,,,,,,,23.0,,,
Itpk1,4,,2.0,3.0,,,,,,23.0,19.0,,
Kremen1,1,,,,,,,,,5.0,,,
Nab1,1,,,,,,,,,10.0,,,
Nipa1,1,,,,,,,,,0.0,,,
Nt5c,2,,,,,,,,,14.0,11.0,,
Rps10,1,,,,,,,,,23.0,,,
Sf3a2,1,,,,,,,,,23.0,,,
Cby1,2,,,,,,,,,22.0,14.0,,
Fmo2,11,17.0,16.0,16.0,13.0,13.0,15.0,14.0,,15.0,16.0,14.0,18.0
Foxn3,1,,,,,,,,,5.0,,,
Gltscr2,3,7.0,,,,,,,,8.0,,,12.0
Dusp10,3,,,,,,,,,22.0,,5.0,22.0
Eif4e2,1,,,,,,,,,12.0,,,
Elovl6,2,,,,23.0,,,,,14.0,,,
Agpat1,2,,,,,,,,15.0,14.0,,,
Gns,2,,,,,,19.0,,,11.0,,,
Gpr182,5,,,,13.0,14.0,12.0,,,19.0,15.0,,
Gtf3a,1,,,,,,,,,17.0,,,
Hipk3,4,,1.0,2.0,,,,,,8.0,,,6.0
Cks2,1,,,,,,,,,22.0,,,
Cpsf3,3,,,,,,,,6.0,0.0,23.0,,
Dedd,1,,,,,,,,,0.0,,,
Cndp2,2,,13.0,,,,,,,21.0,,,
Cobl,2,,,,22.0,,,,,11.0,,,
Crat,3,,,9.0,,,,,12.0,20.0,,,
Crip2,2,,,12.0,,,,,,23.0,,,
Dusp16,2,,,,,,16.0,,,23.0,,,
Bcs1l,2,,,,,,,1.0,,22.0,,,
Bhmt2,1,,,,,,,,,22.0,,,
Ccng2,4,22.0,,22.0,,,,,,23.0,,,23.0
Fermt2,6,0.0,,,4.0,,,,0.0,1.0,0.0,,1.0
Apba3,1,,,,,,,,,19.0,,,
Atf7ip,2,,,,,,,,,22.0,,7.0,
Atp5k,1,,,,,,,,,23.0,,,
Atp6v1g1,1,,,,,,,,,18.0,,,
Rasgrp3,5,,,,23.0,23.0,1.0,,,21.0,2.0,,
Rsad2,3,0.0,,,,,,,21.0,2.0,,,
Serpina3k,1,,,,,,,,,17.0,,,
Slc38a4,2,,,,,,,,,7.0,,0.0,
Smyd1,1,,,,,,,,,22.0,,,
Lsr,2,,,,,,,,8.0,21.0,,,
Maff,2,,,,,,,,,9.0,11.0,,
Mkrn1,1,,,,,,,,,2.0,,,
Mta3,4,,,,,,7.0,,3.0,2.0,2.0,,
Pctp,1,,,,,,,,,0.0,,,
Puf60,1,,,,,,,,,23.0,,,
Ube2h,1,,,,,,,,,2.0,,,
Vac14,3,,,20.0,,,,,,17.0,,,21.0
Ino80,4,,,,,,8.0,,,6.0,8.0,7.0,
Lect2,1,,,,,,,,,22.0,,,
Lpar6,1,,,,,,,,,20.0,,,
Pcbp4,2,,,,,,,,7.0,7.0,,,
Pde2a,4,21.0,,,,,,,2.0,0.0,,2.0,
Sh3pxd2a,6,0.0,0.0,2.0,,,,,,0.0,,23.0,0.0
Sirt5,1,,,,,,,,,23.0,,,
Smpd4,2,,,,,22.0,,,,0.0,,,
Snrk,8,,9.0,10.0,,18.0,12.0,,12.0,17.0,10.0,11.0,
Snrpc,1,,,,,,,,,22.0,,,
Rbms1,2,,,,,,,,,5.0,6.0,,
Rbpms,1,,,,,,,,,1.0,,,
Reep5,1,,,,,,,,,20.0,,,
Rfxank,1,,,,,,,,,22.0,,,
Rit1,1,,,,,,,,,2.0,,,
Rps26,1,,,,,,,,,22.0,,,
Safb2,2,,8.0,,,,,,,4.0,,,
Sarnp,3,19.0,,,,,,,21.0,23.0,,,
Scmh1,1,,,,,,,,,2.0,,,
Sec61b,1,,,,,,,,,12.0,,,
Serpinb1a,2,,,,,3.0,,,,3.0,,,
Sgms2,1,,,,,,,,,4.0,,,
Synj2bp,1,,,,,,,,,21.0,,,
Tbc1d15,2,,,,,,,,,6.0,,,8.0
Tbl2,3,,,,,,,,,17.0,13.0,,14.0
Tcea3,1,,,,,,,,,21.0,,,
Trappc3,2,,,,,,,,,10.0,12.0,,
Mmab,2,,,,,,,,,23.0,18.0,,
Wrnip1,2,,,,,,,,,23.0,,,8.0
Pigt,1,,,,,,,,,23.0,,,
Pik3r3,1,,,,,,,,,19.0,,,
Ptma,1,,,,,,,,,20.0,,,
Nacc1,1,,,,,,,,,17.0,,,
Nat10,2,,,,,,,,,22.0,8.0,,
Aff4,1,,,,,,,,,7.0,,,
Ccny,1,,,,,,,,,13.0,,,
Celsr1,1,,,,,,,,,19.0,,,
Cox6b1,1,,,,,,,,,12.0,,,
Creld1,2,,,,,,,22.0,,22.0,,,
Dazap2,5,6.0,,10.0,10.0,,,,10.0,2.0,,,
Dcaf8,4,,8.0,,,,,,9.0,4.0,,,11.0
Fam48a,4,,,,0.0,,,0.0,22.0,22.0,,,
Fmo5,1,,,,,,,,,17.0,,,
Gjc3,2,,,,,2.0,,,,21.0,,,
Gpaa1,1,,,,,,,,,22.0,,,
Hmgcs1,4,,,,6.0,,,,,2.0,,1.0,0.0
Hspa4l,8,19.0,21.0,22.0,,20.0,,,21.0,19.0,18.0,,21.0
Cisd1,1,,,,,,,,,6.0,,,
Cnn3,2,,,,,,,,17.0,13.0,,,
Cnot1,1,,,,,,,,,4.0,,,
Dclre1a,1,,,,,,,,,13.0,,,
Ak4,2,,,,,,,,14.0,14.0,,,
Arih2,1,,,,,,,,,8.0,,,
Atad3a,4,10.0,9.0,9.0,,,,,,7.0,,,
B4galt5,2,,,,,,,,,13.0,10.0,,
Baat,1,,,,,,,,,21.0,,,
Bcap29,1,,,,,,,,,5.0,,,
Bloc1s3,2,,,,,,,20.0,,23.0,,,
Btg3,2,,,,,,,,,12.0,,2.0,
Caprin1,6,21.0,,,22.0,,,22.0,21.0,23.0,18.0,,
Carhsp1,5,,7.0,9.0,12.0,,,,,5.0,,,12.0
Farsb,5,20.0,,22.0,,,,,21.0,21.0,,,21.0
Diap2,1,,,,,,,,,8.0,,,
Elmo2,5,,,,5.0,,1.0,,,23.0,22.0,,2.0
Erc2,3,,,,,,,,23.0,23.0,15.0,,
Eya4,2,,,,,14.0,,,,11.0,,,
Acss2,1,,,,,,,,,23.0,,,
Nags,1,,,,,,,,,21.0,,,
Nek9,1,,,,,,,,,14.0,,,
Nupl2,2,,,,,,2.0,,,22.0,,,
Med31,1,,,,,,,,,23.0,,,
Mtus1,2,,,,,,,,,1.0,,9.0,
Myl9,3,,,11.0,,11.0,,,,23.0,,,
Myo1e,4,,,,,,2.0,,,0.0,0.0,4.0,
Slc39a8,2,4.0,,,,,,,,1.0,,,
Smcp,2,,,,,,,,18.0,11.0,,,
Strada,1,,,,,,,,,23.0,,,
Sult1c2,2,,,,,,,,1.0,8.0,,,
Kdm3b,1,,,,,,,,,1.0,,,
Lars2,2,20.0,,,,,,,,23.0,,,
Osbpl11,3,9.0,,,,,18.0,,,21.0,,,
Pabpc4,2,,,,,,22.0,,,11.0,,,
Pde4c,1,,,,,,,,,2.0,,,
Syt11,2,,,,,,,,23.0,22.0,,,
Tox,2,,,,,,,,,9.0,,,12.0
Tra2a,4,,,,20.0,19.0,,,19.0,21.0,,,
Trak1,2,,,,,,,,13.0,12.0,,,
Rcl1,6,7.0,,9.0,,,,6.0,,8.0,,8.0,12.0
Rnf135,1,,,,,,,,,19.0,,,
Sap130,1,,,,,,,,,6.0,,,
Sepw1,1,,,,,,,,,23.0,,,
Phf6,2,,,,,22.0,,,,19.0,,,
Phkb,2,21.0,,,,,,,,0.0,,,
Prcp,2,,,,,,,,14.0,21.0,,,
Prelp,1,,,,,,,,,23.0,,,
Zc3hc1,1,,,,,,,,,1.0,,,
Ubr2,7,15.0,15.0,15.0,,,17.0,,,14.0,14.0,,15.0
Vps11,2,,,,,,,6.0,,9.0,,,
Uba6,5,,,,21.0,,4.0,,21.0,19.0,,,0.0
Uggt1,4,,,22.0,22.0,,,,20.0,18.0,,,
Usp6nl,3,,,5.0,,,7.0,,,1.0,,,
Vps13a,9,16.0,19.0,20.0,,17.0,,20.0,16.0,14.0,15.0,,18.0
Wbp11,1,,,,,,,,,0.0,,,
Suv420h1,1,,,,,,,,,3.0,,,
Taf1b,2,,,,,,,,3.0,2.0,,,
Tm4sf1,3,,,,,,0.0,,,3.0,6.0,,
Trim13,1,,,,,,,,,23.0,,,
Sirt4,1,,,,,,,,,21.0,,,
Slc25a11,3,8.0,,,,,,,8.0,12.0,,,
Stard3nl,1,,,,,,,,,23.0,,,
Steap3,5,,15.0,19.0,14.0,,,,,23.0,11.0,,
Ndufa5,1,,,,,,,,,12.0,,,
Ndufs6,1,,,,,,,,,22.0,,,
Nek7,3,23.0,,,,,,,0.0,6.0,,,
Oasl1,1,,,,,,,,,22.0,,,
Ola1,1,,,,,,,,,21.0,,,
Lrrfip1,2,,,,,,1.0,,,23.0,,,
Mcm8,2,,,,,,,,,3.0,16.0,,
Mrps6,1,,,,,,,,,20.0,,,
Msrb2,1,,,,,,,,,2.0,,,
Mtch1,4,,,,,7.0,,,18.0,23.0,14.0,,
Opa3,5,,19.0,19.0,,,21.0,,19.0,18.0,,,
Pan2,1,,,,,,,,,3.0,,,
Ivns1abp,1,,,,,,,,,14.0,,,
Letm1,2,,,,,,,,,22.0,12.0,,
Lman2,2,,,,,0.0,,,,19.0,,,
Zfand3,1,,,,,,,,,8.0,,,
Zfand5,2,,,,,,,,22.0,2.0,,,
Rmi1,1,,,,,,,,,23.0,,,
Rnd2,1,,,,,,,,,20.0,,,
Pnrc2,3,20.0,,,,,,,22.0,23.0,,,
Pop1,1,,,,,,,,,22.0,,,
Pstpip2,1,,,,,,,,,23.0,,,
Agpat5,1,,,,,,,,,20.0,,,
Atp5d,1,,,,,,,,,22.0,,,
Atp6v1d,5,19.0,,19.0,,,,,18.0,18.0,16.0,,
Grlf1,1,,,,,,,,,21.0,,,
Gys2,2,,,,,,,,,14.0,,,23.0
Hbs1l,1,,,,,,,,,9.0,,,
Hn1l,2,,,,,,,,0.0,22.0,,,
Cox6a1,2,,,,,12.0,,,,11.0,,,
Dnajb2,2,,,,,,,,17.0,19.0,,,
Dnajc1,1,,,,,,,,,19.0,,,
Dpp9,1,,,,,,,,,23.0,,,
E430025E21Rik,3,,,,,6.0,,,4.0,6.0,,,
Ehd4,2,,,,,,,,20.0,21.0,,,
Bcas3,3,,,,,,,,8.0,8.0,10.0,,
Card9,2,,,,,,,,,22.0,12.0,,
Cetn3,1,,,,,,,,,12.0,,,
Gda,3,,,21.0,,,,,16.0,18.0,,,
Ftsj1,1,,,,,,,,,19.0,,,
Gca,3,,,23.0,,,,,,20.0,15.0,,
Gfm1,1,,,,,,,,,22.0,,,
Gng12,2,,,,,,7.0,,,10.0,,,
Gprasp1,1,,,,,,,,,23.0,,,
Hdac10,1,,,,,,,,,23.0,,,
Acp6,3,,,11.0,,,,,8.0,3.0,,,
Adamtsl4,6,,15.0,19.0,,,11.0,,,13.0,19.0,13.0,
Agk,4,,,3.0,,,,,2.0,3.0,,,22.0
Amt,3,,,,,,,,2.0,1.0,19.0,,
Arap1,3,,,,,,,,6.0,1.0,4.0,,
Arfgap2,1,,,,,,,,,23.0,,,
Arhgap24,7,,18.0,19.0,,,23.0,,22.0,23.0,17.0,,20.0
Arpc1a,2,,,,,,,,,15.0,13.0,,
Asap2,2,,,,,,,,,23.0,,,1.0
Atp6v0b,3,,12.0,11.0,,,,,,14.0,,,
Azin1,3,,,,,,,,,12.0,22.0,,22.0
Blcap,1,,,,,,,,,23.0,,,
Bzw2,2,,,15.0,,,,,,17.0,,,
Ccbl1,3,,,,,22.0,,,10.0,22.0,,,
Cdk17,4,,,4.0,,,2.0,,23.0,0.0,,,
Copz1,1,,,,,,,,,23.0,,,
Coq2,1,,,,,,,,,22.0,,,
Cyb5b,5,,23.0,23.0,,,,,,0.0,22.0,,23.0
Dcaf7,3,,,,7.0,8.0,,,,4.0,,,
Dnaja2,4,,,,,,13.0,,13.0,11.0,,,17.0
Dopey2,1,,,,,,,,,18.0,,,
Eif1ax,2,,,,,,,,0.0,22.0,,,
Elovl3,2,,,,,,,,,0.0,,,23.0
Elp2,1,,,,,,,,,22.0,,,
Faim,1,,,,,,,,,1.0,,,
Fam82a2,4,,,,,,,22.0,19.0,20.0,17.0,,
Pim3,6,9.0,8.0,8.0,,,,,,11.0,10.0,,8.0
Poldip3,1,,,,,,,,,0.0,,,
Pomp,1,,,,,,,,,21.0,,,
Pxdn,7,3.0,1.0,1.0,,,2.0,,4.0,0.0,7.0,,
Otud5,2,,,,,,,,,5.0,,,9.0
Slc25a37,1,,,,,,,,,14.0,,,
Slc44a1,1,,,,,,,,,0.0,,,
Spon2,5,,,0.0,,,0.0,,,1.0,1.0,,1.0
Tspan4,12,11.0,12.0,12.0,11.0,9.0,12.0,10.0,13.0,15.0,12.0,11.0,14.0
Usp16,1,,,,,,,,,10.0,,,
Tars,2,,,,,,,,22.0,23.0,,,
Trak2,3,,,,,,,,11.0,13.0,15.0,,
Mlst8,1,,,,,,,,,22.0,,,
Mocs2,1,,,,,,,,,21.0,,,
Mrap,2,21.0,,,,,,,,21.0,,,
Mterf,2,,,,,,,22.0,,1.0,,,
Myo1b,2,,,,,,,,,23.0,13.0,,
Neu2,3,,,,,,,,14.0,19.0,14.0,,
Nup93,4,,,23.0,20.0,6.0,,,,0.0,,,
Samm50,1,,,,,,,,,15.0,,,
Scamp2,2,,,,,,,,6.0,3.0,,,
Sdccag8,3,,,,20.0,,,21.0,,23.0,,,
Sec61a1,2,,,,,,,,17.0,16.0,,,
Sgpp1,2,,,,,,,,8.0,21.0,,,
Ints3,4,20.0,,,,,20.0,,19.0,20.0,,,
Lpin2,2,,,,,,,,,12.0,12.0,,
Zscan21,1,,,,,,,,,0.0,,,
Zc3h11a,1,,,,,,,,,11.0,,,
Zc3h4,3,,,,,21.0,,,,22.0,,,9.0
Zfhx4,1,,,,,,,,,22.0,,,
Zmym3,3,21.0,,,1.0,,,,,22.0,,,
Magt1,5,,,,,22.0,3.0,,21.0,18.0,19.0,,
Memo1,2,,,,,,,,,17.0,,,22.0
Mina,4,,,21.0,,5.0,,,,23.0,,,22.0
Morc3,1,,,,,,,,,14.0,,,
Mpp4,2,,,,,,,,16.0,18.0,,,
St5,4,,,,,,0.0,,1.0,23.0,,,19.0
Ppfibp1,4,,,2.0,,,0.0,,3.0,4.0,,,
Ppp1r3c,4,,,,,,20.0,,,23.0,23.0,20.0,
Rab20,1,,,,,,,,,13.0,,,
Pdcd2,1,,,,,,,,,10.0,,,
Suv420h2,1,,,,,,,,,21.0,,,
Taf6l,2,,,17.0,,,,,,22.0,,,
Tnfaip2,5,0.0,,,,,2.0,,22.0,22.0,,2.0,
Trappc9,1,,,,,,,,,22.0,,,
Trex2,1,,,,,,,,,12.0,,,
Tspan9,4,,2.0,,,,,,,23.0,21.0,3.0,
Ubxn1,3,,7.0,7.0,,,,,,3.0,,,
Ubxn4,2,,,,,,,,19.0,18.0,,,
Vps45,2,,,,,,,,23.0,22.0,,,
Jmjd1c,4,18.0,,,,,,,20.0,21.0,,21.0,
Kirrel3,3,,,,8.0,,,6.0,,10.0,,,
Nadk,1,,,,,,,,,17.0,,,
Ndufaf1,1,,,,,,,,,0.0,,,
Nelf,1,,,,,,,,,23.0,,,
Ninj1,5,,6.0,6.0,,,17.0,,23.0,22.0,,,
Nsmce2,1,,,,,,,,,4.0,,,
Nubp2,1,,,,,,,,,19.0,,,
Nudt9,1,,,,,,,,,23.0,,,
Nup85,1,,,,,,,,,0.0,,,
Rbm22,1,,,,,,,,,2.0,,,
Rrp12,2,12.0,,,,,,,,16.0,,,
Rspo3,2,21.0,,,,,,,,2.0,,,
Dhx58,1,,,,,,,,,0.0,,,
Dsn1,4,,,,,,,,7.0,10.0,12.0,,9.0
Dtymk,2,,,,,,,,13.0,23.0,,,
Ece2,1,,,,,,,,,19.0,,,
Elovl5,6,21.0,23.0,0.0,,,,,21.0,2.0,,22.0,
Ethe1,2,,,,,,,,1.0,0.0,,,
Exoc3,3,19.0,,,,,,1.0,,22.0,,,
Abcd4,2,,,,,,,,8.0,21.0,,,
Grhpr,3,,,,,,,,,3.0,13.0,,15.0
H2-Q10,1,,,,,,,,,23.0,,,
Clk3,1,,,,,,,,,22.0,,,
Clpb,1,,,,,,,,,21.0,,,
Clpp,1,,,,,,,,,22.0,,,
Clpx,7,23.0,2.0,2.0,,,6.0,,23.0,23.0,,,22.0
Ddo,3,,,,,23.0,,0.0,,20.0,,,
Adpgk,3,,,19.0,,,,,,17.0,,,21.0
Bok,2,,,,,,,,4.0,2.0,,,
Ccnf,1,,,,,,,,,20.0,,,
Cdk18,4,,,,,,12.0,,12.0,14.0,13.0,,
Bex1,1,,,,,,,,,1.0,,,
Bsdc1,2,5.0,,,,,,,,3.0,,,
Fbxo4,1,,,,,,,,,6.0,,,
Dhrs1,2,4.0,,,,,,,,21.0,,,
Dhrs3,6,0.0,23.0,23.0,,,21.0,,22.0,0.0,,,
Entpd4,2,,,,,6.0,,,,20.0,,,
Entpd6,1,,,,,,,,,21.0,,,
Etnk1,2,,,,20.0,,,,,21.0,,,
Exoc1,2,,,,,,,,1.0,0.0,,,
8430408G22Rik,1,,,,,,,,,1.0,,,
Aamp,4,,8.0,9.0,,,,,,11.0,11.0,,
Acot2,2,,,,,,,,,0.0,,9.0,
Agap1,1,,,,,,,,,17.0,,,
Ap1ar,1,,,,,,,,,23.0,,,
Arhgap26,5,22.0,,,,,14.0,,0.0,0.0,5.0,,
Arhgef5,2,,,,,,,,,0.0,16.0,,
Baiap2l1,2,,,,,,,,21.0,16.0,,,
Bbox1,2,,,,,,,,10.0,10.0,,,
Gtf3c5,1,,,,,,,,,23.0,,,
Hibadh,3,,,,,,,22.0,,0.0,19.0,,
Cir1,2,,,,,,,,4.0,4.0,,,
Crot,3,,,,,,,20.0,7.0,3.0,,,
Cyp2r1,3,,,,,,,,0.0,0.0,,22.0,
D17Wsu92e,2,,,,21.0,,,,,12.0,,,
D2hgdh,1,,,,,,,,,22.0,,,
Ddx46,2,,,,,,,,7.0,9.0,,,
Rhou,4,,23.0,1.0,,,,,,0.0,20.0,,
Rnase4,3,,,,,,17.0,,,8.0,13.0,,
Rnaseh2b,5,14.0,12.0,,,,,,,18.0,12.0,,13.0
Rnd1,1,,,,,,,,,23.0,,,
Scamp3,1,,,,,,,,,21.0,,,
Serinc3,7,,15.0,15.0,16.0,,15.0,16.0,,18.0,16.0,,
Serp1,5,17.0,18.0,22.0,,,,,20.0,18.0,,,
Tax1bp3,2,,,5.0,,,,,,14.0,,,
Tipin,2,,,,7.0,,,,,22.0,,,
Tnks1bp1,4,,,12.0,,,,,13.0,14.0,12.0,,
Tor1aip2,7,6.0,7.0,6.0,,,11.0,,6.0,6.0,10.0,,
Tpd52l1,1,,,,,,,,,11.0,,,
Tram1,2,,,,,,,,21.0,19.0,,,
Slc13a2,2,,,,,,,,13.0,22.0,,,
Slc30a6,1,,,,,,,,,22.0,,,
Smc5,1,,,,,,,,,0.0,,,
Spg21,2,,,7.0,,,,,,4.0,,,
Stard13,2,,,,,,,,23.0,22.0,,,
Stk38l,1,,,,,,,,,19.0,,,
Zfr,3,18.0,,,,,,,,20.0,,,1.0
Zfyve9,1,,,,,,,,,13.0,,,
Zhx3,2,,,,,,,,14.0,6.0,,,
Lrrc41,1,,,,,,,,,22.0,,,
Ly6c1,8,18.0,12.0,14.0,18.0,18.0,16.0,,17.0,22.0,,,
Med30,1,,,,,,,,,4.0,,,
Mesdc2,3,,,,,,,,21.0,18.0,21.0,,
Mrpl10,3,,,,,,,6.0,11.0,23.0,,,
Mrpl15,1,,,,,,,,,19.0,,,
Mvd,3,,,18.0,5.0,,,,,22.0,,,
Pcyox1,3,,,,,,,,16.0,18.0,16.0,,
Pde6c,1,,,,,,,,,10.0,,,
Pla2g12a,1,,,,,,,,,9.0,,,
Polr3k,4,20.0,,1.0,,,,,,22.0,22.0,,
Ppil1,1,,,,,,,,,19.0,,,
Ppm1f,4,,6.0,8.0,,,,,,0.0,9.0,,
Ppp1r14b,2,,,,,11.0,,,,14.0,,,
Ptpn9,1,,,,,,,,,23.0,,,
Ndufa6,1,,,,,,,,,23.0,,,
Uxs1,2,,,,,,,,20.0,19.0,,,
Wdr37,1,,,,,,,,,21.0,,,
Xpot,1,,,,,,,,,13.0,,,
Ipo11,2,20.0,,,,,,,,2.0,,,
Larp1,3,,,,,,22.0,,,23.0,0.0,,
Leprot,1,,,,,,,,,5.0,,,
Lman2l,3,,,,,21.0,,23.0,,21.0,,,
Lphn2,5,,,,22.0,,7.0,,5.0,4.0,4.0,,
Iws1,1,,,,,,,,,5.0,,,
Loxl4,3,,,,,,,,0.0,23.0,8.0,,
Slc5a6,6,9.0,10.0,10.0,,,,,9.0,10.0,,,12.0
Smyd2,3,,,,,,18.0,,,18.0,10.0,,
Srm,9,,15.0,17.0,12.0,9.0,10.0,,16.0,15.0,,10.0,17.0
St6galnac3,8,,4.0,4.0,,7.0,,,5.0,4.0,3.0,2.0,2.0
Suds3,1,,,,,,,,,11.0,,,
Rbbp9,4,,,,,,11.0,,12.0,21.0,17.0,,
Rbm25,3,18.0,,,,,,,22.0,16.0,,,
Riok2,6,14.0,13.0,15.0,,,,,14.0,14.0,,,15.0
Sar1b,2,,,,,,,,,17.0,,,21.0
Tcf25,3,,,,,,,,12.0,13.0,8.0,,
Timm9,1,,,,,,,,,13.0,,,
Tjp3,3,,,,,,,,8.0,22.0,23.0,,
Tmem67,1,,,,,,,,,23.0,,,
Tmie,1,,,,,,,,,22.0,,,
Lrrc8d,6,,,6.0,5.0,,3.0,,0.0,1.0,,,1.0
Mrps17,1,,,,,,,,,23.0,,,
Mtmr9,2,,,,,,,5.0,,23.0,,,
Myadm,1,,,,,,,,,22.0,,,
Zcchc6,1,,,,,,,,,4.0,,,
Usp21,4,,,,22.0,,20.0,,,23.0,20.0,,
Usp22,2,,,,,,,6.0,,9.0,,,
Vps52,1,,,,,,,,,0.0,,,
Wbp2,1,,,,,,,,,21.0,,,
Pip4k2b,1,,,,,,,,,21.0,,,
Ppp2r2d,1,,,,,,,,,5.0,,,
Rab11fip4,1,,,,,,,,,23.0,,,
Nomo1,1,,,,,,,,,16.0,,,
Cog5,2,,,,,,,,23.0,23.0,,,
Dusp12,2,,,,,,,,1.0,22.0,,,
Efhd2,3,,,,,,13.0,,,13.0,10.0,,
Exosc8,3,,,,,,8.0,,1.0,3.0,,,
Bet1,2,,,,,,,,22.0,21.0,,,
Chd9,3,18.0,,,,,,,21.0,14.0,,,
Chmp2a,2,,,,,,,,,12.0,9.0,,
Gimap4,3,,,,,,2.0,,,19.0,,0.0,
Gle1,1,,,,,,,,,6.0,,,
Grem2,3,,,,,,,,,10.0,11.0,21.0,
Hist1h2bm,1,,,,,,,,,21.0,,,
9630033F20Rik,2,,,,,,18.0,,,14.0,,,
Ablim3,2,,,,,,,,,22.0,1.0,,
Adap2,5,8.0,,,,13.0,,,,18.0,12.0,,12.0
Aftph,2,,,,,,,,22.0,2.0,,,
Ahsa1,4,,,,,,,21.0,18.0,18.0,17.0,,
Arl8b,2,,,,,,,,22.0,0.0,,,
Agpat6,5,9.0,8.0,10.0,,,,,,14.0,,,10.0
Akap11,2,,,,,,,,3.0,6.0,,,
Alkbh3,2,,,,,,,,10.0,2.0,,,
Arf1,1,,,,,,,,,23.0,,,
Arhgef18,2,,,,,,,,,22.0,,23.0,
Arl4a,1,,,,,,,,,23.0,,,
Armc9,1,,,,,,,,,23.0,,,
Arsg,5,6.0,,,7.0,6.0,,,3.0,1.0,,,
Atp11a,1,,,,,,,,,23.0,,,
Atp5g2,3,,,,,,,7.0,11.0,23.0,,,
Atp5s,2,,,,,,,,,4.0,,,8.0
B3gat3,2,,3.0,,,,,,,0.0,,,
Bri3,3,,8.0,11.0,,,,,,10.0,,,
Cald1,5,,,1.0,,,1.0,,23.0,1.0,,2.0,
Caln1,1,,,,,,,,,17.0,,,
Dap,1,,,,,,,,,21.0,,,
Dyrk2,4,,,,,3.0,22.0,,,2.0,,23.0,
Ergic1,1,,,,,,,,,22.0,,,
Ermap,1,,,,,,,,,22.0,,,
Fam60a,1,,,,,,,,,11.0,,,
Abcb10,1,,,,,,,,,19.0,,,
Gpr125,2,,,,,,,,,17.0,18.0,,
Guk1,1,,,,,,,,,17.0,,,
Hectd1,2,,,,,,,20.0,,10.0,,,
Hgsnat,1,,,,,,,,,14.0,,,
Hsd3b4,1,,,,,,,,,6.0,,,
Ift52,1,,,,,,,,,2.0,,,
Ift81,1,,,,,,,,,23.0,,,
Ndufb11,1,,,,,,,,,23.0,,,
Obfc1,3,,,,4.0,,12.0,,,23.0,,,
Mdfic,5,22.0,23.0,23.0,,,,,,2.0,,,0.0
Mks1,2,,,,,,,,,23.0,,10.0,
Mrpl4,1,,,,,,,,,20.0,,,
Sh3d19,3,,,23.0,,,,,21.0,8.0,,,
Slc25a39,1,,,,,,,,,21.0,,,
Slc45a3,2,12.0,,,,,,,,21.0,,,
Slco2a1,2,,,,,,,,,23.0,12.0,,
Snf8,1,,,,,,,,,22.0,,,
Snx4,1,,,,,,,,,4.0,,,
Ssfa2,1,,,,,,,,,12.0,,,
Jph1,1,,,,,,,,,12.0,,,
Leo1,10,20.0,23.0,23.0,,0.0,0.0,,22.0,22.0,22.0,2.0,23.0
Llgl2,2,,,,,,,,22.0,23.0,,,
Opalin,4,,,,5.0,6.0,,6.0,,12.0,,,
Orai3,1,,,,,,,,,23.0,,,
Osgep,3,,,,,,,0.0,1.0,4.0,,,
Parp3,2,,,23.0,,,,,,0.0,,,
Pex26,1,,,,,,,,,14.0,,,
Tab3,3,,,3.0,,,,,,6.0,,,5.0
Tbc1d10a,4,,9.0,,,,,,7.0,8.0,12.0,,
Tceal1,5,21.0,,2.0,,,,,22.0,2.0,,,5.0
Tecr,1,,,,,,,,,22.0,,,
Tex2,2,,,,,,,,22.0,23.0,,,
Tfb1m,2,,,,,,,,22.0,22.0,,,
Tmed2,1,,,,,,,,,15.0,,,
Ranbp10,3,,5.0,,,,22.0,,,2.0,,,
Reps1,2,,,,,,,6.0,,2.0,,,
Rnf34,2,,,,,,18.0,,,23.0,,,
Scpep1,3,,,8.0,,,,,0.0,4.0,,,
Sec14l1,3,,,,,,,,17.0,17.0,,,17.0
Pmvk,5,,,23.0,,,,,20.0,22.0,15.0,,22.0
Ppap2c,2,,,8.0,,,,,,12.0,,,
Ppp2r3c,1,,,,,,,,,1.0,,,
Prcc,1,,,,,,,,,0.0,,,
Pttg1ip,2,,,,,22.0,,,,1.0,,,
Rab32,2,,,22.0,,,,,,0.0,,,
Rab7l1,1,,,,,,,,,22.0,,,
Zfyve20,1,,,,,,,,,0.0,,,
Zkscan1,3,,,6.0,,,,,23.0,23.0,,,
Ttll1,3,,,0.0,,,,,,21.0,,,23.0
Vps41,1,,,,,,,,,6.0,,,
Xpo6,1,,,,,,,,,4.0,,,
Tubgcp3,1,,,,,,,,,2.0,,,
Tulp4,4,11.0,,,,,15.0,,,12.0,12.0,,
Ubqln4,1,,,,,,,,,19.0,,,
Unc45a,1,,,,,,,,,21.0,,,
Uqcr10,1,,,,,,,,,18.0,,,
Usp46,4,,,,,,18.0,,20.0,17.0,15.0,,
Wbp1,2,7.0,,,,,,,,22.0,,,
Wdr33,2,,,,,,,,,2.0,,,5.0
Tcta,3,,,,7.0,,,7.0,,22.0,,,
Thtpa,1,,,,,,,,,23.0,,,
Thyn1,1,,,,,,,,,23.0,,,
Tmem14c,2,,6.0,,,,,,,21.0,,,
Trafd1,2,6.0,,,,,,,,2.0,,,
Shroom2,2,,,,,,,,,0.0,12.0,,
Slc17a8,1,,,,,,,,,20.0,,,
Slc24a6,5,6.0,6.0,4.0,,1.0,,,,5.0,,,
Slc25a28,2,,,4.0,,,,,,10.0,,,
Slc9a9,3,,,,,3.0,,,,22.0,,23.0,
Slco3a1,4,,,,,,19.0,,15.0,18.0,17.0,,
Slu7,1,,,,,,,,,23.0,,,
Snupn,2,,,,,,,22.0,,21.0,,,
Spic,1,,,,,,,,,19.0,,,
Stx18,3,,,,22.0,,,,21.0,20.0,,,
Naa25,2,,,,,,,,20.0,21.0,,,
Naa50,1,,,,,,,,,12.0,,,
Nme7,2,,,,,,,,6.0,4.0,,,
Nudt3,1,,,,,,,,,12.0,,,
Nup37,1,,,,,,,,,0.0,,,
Lsm10,3,,,4.0,,,,,,22.0,12.0,,
Mal2,2,,,,,,,,20.0,20.0,,,
Mapre3,3,,,7.0,22.0,,,,,0.0,,,
Mettl1,1,,,,,,,,,20.0,,,
Mtx2,2,,,,,,,,0.0,8.0,,,
Myo1d,4,22.0,,,,4.0,,,,0.0,15.0,,
Pgrmc2,3,,6.0,6.0,,,,,,0.0,,,
Iigp1,2,,,,,,10.0,,,5.0,,,
Zc3hav1,1,,,,,,,,,2.0,,,
Zfp207,2,,,,,,,19.0,,0.0,,,
Zfp295,1,,,,,,,,,20.0,,,
Zkscan3,3,,,,,,17.0,,,22.0,,,10.0
Repin1,2,,,,,,16.0,,,22.0,,,
Rfk,2,,,,,,,,,21.0,22.0,,
Rnf149,2,,,6.0,,,,,,2.0,,,
Rnpep,4,,21.0,,22.0,,,22.0,,21.0,,,
Romo1,2,,,,12.0,,,,,23.0,,,
Serf2,1,,,,,,,,,20.0,,,
Pi4k2b,2,,,,,,,,,16.0,12.0,,
Pigs,1,,,,,,,,,22.0,,,
Pigu,1,,,,,,,,,20.0,,,
Plekhg5,1,,,,,,,,,8.0,,,
Plrg1,2,,,,,,,,,0.0,14.0,,
Pnrc1,7,23.0,22.0,2.0,,,23.0,,22.0,23.0,22.0,,
Pop4,1,,,,,,,,,3.0,,,
Ppp1r7,1,,,,,,,,,3.0,,,
Prelid1,1,,,,,,,,,23.0,,,
Prepl,2,,,,,,16.0,,,22.0,,,
Prpsap1,2,,,,,,,,,7.0,17.0,,
Ptrh2,2,,,16.0,,,,,,23.0,,,
Rad51l3,1,,,,,,,,,23.0,,,
Gm8186,1,,,,,,,,,0.0,,,
Hist2h2aa1,2,,,,,,,,19.0,19.0,,,
Ifrd2,6,9.0,9.0,10.0,,,,,,15.0,9.0,,12.0
Ift20,4,,21.0,,,23.0,,,,19.0,20.0,,
Cxxc5,2,,,,,,,,,2.0,,23.0,
D0H4S114,2,,,22.0,,,,,,14.0,,,
Dennd1a,1,,,,,,,,,4.0,,,
Ahctf1,9,14.0,13.0,14.0,,,15.0,18.0,16.0,20.0,14.0,,14.0
Ak3,8,,,20.0,17.0,17.0,18.0,,19.0,20.0,14.0,,20.0
Alg8,2,,,,,,,,,21.0,,,21.0
Arhgap21,1,,,,,,,,,12.0,,,
Arpp19,2,21.0,,,,,,,,0.0,,,
Bbs9,3,,,,,21.0,,,4.0,22.0,,,
Bdh1,4,,,,10.0,10.0,,6.0,,8.0,,,
Brf2,1,,,,,,,,,22.0,,,
Cc2d1b,1,,,,,,,,,20.0,,,
Cdca4,1,,,,,,,,,8.0,,,
Cdhr5,1,,,,,,,,,20.0,,,
Chic1,2,,,,,,,,22.0,23.0,,,
Chordc1,5,,,,20.0,,,21.0,18.0,17.0,,,18.0
Fbxo22,2,,,22.0,,,,,,22.0,,,
Dph1,1,,,,,,,,,22.0,,,
Dscr3,3,,,4.0,,,,,,23.0,,,1.0
E2f8,1,,,,,,,,,20.0,,,
Eapp,2,,,,,,,,,21.0,18.0,,
Elovl1,2,,,,,,,,,20.0,6.0,,
Elp4,7,1.0,,1.0,,,4.0,4.0,0.0,1.0,,,0.0
Enpp3,2,,,,8.0,,,,,2.0,,,
0610010K14Rik,1,,,,,,,,,23.0,,,
2510003E04Rik,1,,,,,,,,,23.0,,,
9530068E07Rik,2,,,,,,,,10.0,5.0,,,
Aagab,1,,,,,,,,,23.0,,,
2410001C21Rik,1,,,,,,,,,0.0,,,
Acat2,3,,,,,,,,16.0,22.0,15.0,,
Alg12,3,,,,,,23.0,,18.0,19.0,,,
Alg3,1,,,,,,,,,22.0,,,
Arhgef10l,4,,,22.0,,,1.0,,23.0,1.0,,,
Gprc5c,2,,,,,,2.0,,,8.0,,,
Gpt2,5,,12.0,,,16.0,,16.0,14.0,14.0,,,
Hs3st3b1,1,,,,,,,,,11.0,,,
Ift122,2,,,,,21.0,,,,22.0,,,
Colec12,2,,,,12.0,,,,,21.0,,,
Commd10,3,,3.0,,,,6.0,,,2.0,,,
Coq4,1,,,,,,,,,23.0,,,
Cox8a,1,,,,,,,,,22.0,,,
Ctps2,1,,,,,,,,,5.0,,,
Cyb5r1,1,,,,,,,,,7.0,,,
Dcaf12,1,,,,,,,,,8.0,,,
Ddhd1,5,,6.0,7.0,,,,,22.0,22.0,,,2.0
Defb1,2,,,,,,,,21.0,3.0,,,
Dhx29,3,,19.0,,,,,,19.0,20.0,,,
Ehd3,2,,,,,,,,,20.0,15.0,,
Epc2,1,,,,,,,,,4.0,,,
Fam175b,1,,,,,,,,,23.0,,,
Car5b,2,,,,,,,,,1.0,,23.0,
Fbxo34,1,,,,,,,,,9.0,,,
Fbxo6,1,,,,,,,,,2.0,,,
Fmnl2,3,,,,,,,,22.0,1.0,14.0,,
Gde1,2,,,,,,,,,15.0,13.0,,
Glrx5,1,,,,,,,,,14.0,,,
Pid1,3,,18.0,19.0,,,,,,23.0,,,
Pik3ap1,3,7.0,,,,,,,,7.0,0.0,,
Pip4k2c,1,,,,,,,,,5.0,,,
Pir,2,,,,,,,,,6.0,12.0,,
Pafah2,1,,,,,,,,,22.0,,,
Pds5a,3,,,,,,,,21.0,2.0,19.0,,
Pdzd11,3,,,,,,,,19.0,20.0,,8.0,
Pgap1,2,,,,,,,,0.0,10.0,,,
Sidt2,6,,11.0,12.0,,,,,9.0,14.0,9.0,,16.0
Slc30a9,1,,,,,,,,,11.0,,,
Stard4,1,,,,,,,,,10.0,,,
Tubd1,6,,,21.0,19.0,,,,16.0,15.0,16.0,,17.0
U2af1l4,2,,,,,,,22.0,,0.0,,,
Ubl5,1,,,,,,,,,23.0,,,
Wdr48,2,,,,,,,,4.0,2.0,,,
Wdtc1,2,,,,,,,,2.0,6.0,,,
Supt7l,1,,,,,,,,,22.0,,,
Tbl3,1,,,,,,,,,21.0,,,
Tor3a,2,,,,,,,,4.0,21.0,,,
Lrig2,3,,,0.0,,,,,22.0,23.0,,,
Lyrm4,2,,,,,10.0,,,,6.0,,,
Mapk1ip1l,1,,,,,,,,,23.0,,,
5-Mar,2,,,9.0,,,,,,9.0,,,
Med16,2,,,,,,,,,5.0,7.0,,
Mfsd2a,5,,,,18.0,15.0,,17.0,,12.0,18.0,,
Mpst,1,,,,,,,,,22.0,,,
Mrps24,1,,,,,,,,,14.0,,,
Ndufb3,1,,,,,,,,,22.0,,,
Ndufc1,1,,,,,,,,,22.0,,,
Nipsnap1,3,6.0,,6.0,,,,,,23.0,,,
Nrg4,7,11.0,11.0,12.0,,,,,12.0,11.0,11.0,,14.0
Nufip1,1,,,,,,,,,0.0,,,
Nup205,2,17.0,,,,,,,,22.0,,,
Nus1,1,,,,,,,,,14.0,,,
Rmnd5b,1,,,,,,,,,22.0,,,
Rqcd1,2,,,,,,,,12.0,23.0,,,
Kcnk10,1,,,,,,,,,11.0,,,
Kif13b,2,20.0,,,,,,,,20.0,,,
l7Rn6,3,,,,,,,,22.0,21.0,19.0,,
Zfp53,2,,20.0,,,,,,,20.0,,,
Zfp62,1,,,,,,,,,23.0,,,
Mbip,1,,,,,,,,,0.0,,,
Mettl3,3,18.0,,,,,,,20.0,22.0,,,
Mrpl1,1,,,,,,,,,0.0,,,
Mrpl30,1,,,,,,,,,15.0,,,
Mrps21,1,,,,,,,,,21.0,,,
Mtmr4,2,,,,,,,,17.0,20.0,,,
Sipa1l2,2,,,,,,,,,10.0,10.0,,
Slc35c1,1,,,,,,,,,20.0,,,
Slc39a11,1,,,,,,,,,23.0,,,
Smoc1,2,,,,,10.0,,,,10.0,,,
Pigc,1,,,,,,,,,0.0,,,
Pigo,3,,,,,,,,8.0,23.0,,,23.0
Ppat,4,,,,,,10.0,,,12.0,12.0,9.0,
Ppm1k,3,,,,,,,,22.0,3.0,18.0,,
Praf2,2,,,,,,,,19.0,22.0,,,
Prr13,8,23.0,23.0,0.0,,,22.0,,,0.0,0.0,23.0,0.0
Rab4b,2,,,12.0,,,,,,23.0,,,
Palmd,2,,,,,,0.0,,,7.0,,,
Parp12,3,6.0,,,,7.0,,,,4.0,,,
Pcdh1,2,,,9.0,,,,,,3.0,,,
Pfkfb1,3,,,,,,9.0,,,18.0,,10.0,
Tbc1d7,2,,,,,,,5.0,,23.0,,,
Tmem109,2,,,,,,21.0,,,22.0,,,
Tor1b,1,,,,,,,,,14.0,,,
Tspan14,2,,,,,,,,22.0,23.0,,,
Tssc1,1,,,,,,,,,21.0,,,
Ufc1,1,,,,,,,,,21.0,,,
Wdr45,5,5.0,,9.0,,,,,10.0,9.0,2.0,,
Wdr46,1,,,,,,,,,23.0,,,
Wdr59,1,,,,,,,,,23.0,,,
Wdr83,1,,,,,,,,,22.0,,,
Imp4,2,,,,,,0.0,,,20.0,,,
Ints7,3,,,,,,2.0,,2.0,23.0,,,
Klhl7,5,18.0,,,,,,,20.0,22.0,18.0,,16.0
Kmo,1,,,,,,,,,2.0,,,
Lancl2,2,,,6.0,,,,,,1.0,,,
Lcmt2,1,,,,,,,,,23.0,,,
Leprotl1,1,,,,,,,,,0.0,,,
Lnx2,2,,,,,,,,,21.0,,,18.0
Napepld,6,,22.0,21.0,,22.0,,,23.0,19.0,15.0,,
Ncoa5,2,,,,,,,20.0,,21.0,,,
Nicn1,3,,,,,,,,23.0,23.0,18.0,,
Ntn3,1,,,,,,,,,21.0,,,
Rhobtb1,7,,13.0,15.0,,,13.0,,21.0,14.0,12.0,11.0,
Rpl5,1,,,,,,,,,12.0,,,
Fbxo44,1,,,,,,,,,21.0,,,
Fn3krp,2,,,,,,,,,23.0,15.0,,
Galnt10,1,,,,,,,,,22.0,,,
Helz,1,,,,,,,,,0.0,,,
Hmgxb4,1,,,,,,,,,0.0,,,
1810011O10Rik,2,,,,,,,,19.0,17.0,,,
2900092E17Rik,2,,,,,,,,,18.0,18.0,,
9030624J02Rik,2,,,,,,,,5.0,0.0,,,
Aasdhppt,2,23.0,,,,,,,,22.0,,,
Acad8,1,,,,,,,,,2.0,,,
B4galt7,1,,,,,,,,,17.0,,,
Bcl7c,2,,,,,,,,0.0,23.0,,,
C2cd2l,3,,,,,,,,,11.0,12.0,,12.0
Catsper2,3,15.0,,,,,,,,21.0,,10.0,
Ccni,1,,,,,,,,,1.0,,,
Cdk20,2,0.0,,,,,,,,22.0,,,
Chid1,2,,,,,,,6.0,,22.0,,,
Cuta,1,,,,,,,,,22.0,,,
Cyp4f14,1,,,,,,,,,22.0,,,
Cyp8b1,1,,,,,,,,,1.0,,,
Dcaf6,2,,,,,,,,7.0,6.0,,,
Dctn5,2,,,,,,,,21.0,22.0,,,
Eif2c4,4,22.0,,2.0,,,1.0,,,2.0,,,
Eif4ebp3,2,,,7.0,,,,,,17.0,,,
Ergic2,1,,,,,,,,,14.0,,,
Exoc8,2,,,,,,17.0,,,16.0,,,
Extl1,3,,,,,,17.0,12.0,,20.0,,,
Fads3,4,,,,,,16.0,,,21.0,13.0,,16.0
Faf2,1,,,,,,,,,0.0,,,
Dirc2,4,8.0,,,,,,,6.0,2.0,12.0,,
Dnajc18,1,,,,,,,,,20.0,,,
Ears2,1,,,,,,,,,19.0,,,
Epb4.1l5,1,,,,,,,,,10.0,,,
Fam192a,1,,,,,,,,,0.0,,,
Fam69a,3,,,,,,,,4.0,6.0,23.0,,
4930506M07Rik,5,,0.0,1.0,2.0,,,,0.0,0.0,,,
Aacs,4,,15.0,16.0,,,,,,16.0,,,18.0
Abca8b,3,,,,,,,,16.0,3.0,,,20.0
Acot1,3,,,,,,,,23.0,20.0,1.0,,
Acot4,5,,10.0,10.0,,,,,19.0,14.0,,,12.0
Adamdec1,1,,,,,,,,,10.0,,,
Fbxl12,1,,,,,,,,,2.0,,,
Fbxl20,3,,,,,,,,5.0,6.0,10.0,,
Fbxo21,7,8.0,7.0,8.0,7.0,,,,7.0,7.0,,,10.0
Fbxo25,1,,,,,,,,,23.0,,,
Fbxo31,5,,11.0,12.0,,,,,,12.0,13.0,,12.0
Fuca2,1,,,,,,,,,0.0,,,
Glt25d1,3,,,,,9.0,,,,18.0,10.0,,
Gpd1l,2,,,,,,,,,13.0,,,14.0
Hist1h2be,6,,,,3.0,1.0,,3.0,3.0,19.0,,4.0,
Ier5,2,,0.0,,,,,,,22.0,,,
Clstn3,1,,,,,,,,,21.0,,,
Clybl,1,,,,,,,,,22.0,,,
Col27a1,2,,,,,,,,14.0,16.0,,,
Cox18,2,,,,,,,,,23.0,,,0.0
Cpeb4,3,,,,,,,,21.0,0.0,,,23.0
Cwc22,1,,,,,,,,,23.0,,,
D18Ertd653e,2,,,,,17.0,,,,6.0,,,
Decr2,3,,,11.0,,,,,12.0,11.0,,,
Dera,1,,,,,,,,,23.0,,,
Afmid,1,,,,,,,,,21.0,,,
Anapc16,3,,,,,,20.0,,,22.0,16.0,,
Arhgap39,1,,,,,,,,,0.0,,,
Asb3,1,,,,,,,,,3.0,,,
Atad5,1,,,,,,,,,23.0,,,
BC004004,1,,,,,,,,,2.0,,,
BC023829,3,,,,,,,,14.0,16.0,15.0,,
Cdc42bpb,3,,6.0,,,,,9.0,,20.0,,,
Cep120,1,,,,,,,,,2.0,,,
Rhbdd3,1,,,,,,,,,4.0,,,
Ric8b,3,,,0.0,22.0,,,,,23.0,,,
Rnf144a,6,1.0,,,,,2.0,,23.0,0.0,0.0,22.0,
Rogdi,2,,,,,,,8.0,,0.0,,,
Sbno2,1,,,,,,,,,23.0,,,
Scaper,2,,,,,,,,4.0,2.0,,,
Tars2,1,,,,,,,,,23.0,,,
Tbc1d14,2,,,,,,,,23.0,20.0,,,
Tex261,4,21.0,,13.0,,,19.0,,,17.0,,,
Tifa,1,,,,,,,,,4.0,,,
Timd2,2,,,,,,,,2.0,21.0,,,
Tmed1,1,,,,,,,,,13.0,,,
Tmem106b,5,,,,,,,20.0,4.0,10.0,17.0,5.0,
Tmem57,11,12.0,13.0,13.0,13.0,15.0,14.0,,14.0,14.0,13.0,15.0,14.0
Tpcn1,1,,,,,,,,,17.0,,,
Trim2,4,,2.0,2.0,,,,,0.0,22.0,,,
Sh3bgrl3,1,,,,,,,,,22.0,,,
Sh3bp5,4,,,,,,5.0,,,21.0,0.0,3.0,
Shkbp1,1,,,,,,,,,22.0,,,
Slc35b1,2,,,,,,,,19.0,17.0,,,
Slc35b4,1,,,,,,,,,19.0,,,
St6galnac6,1,,,,,,,,,22.0,,,
Stra13,2,,,,,,,,12.0,22.0,,,
Zfat,3,18.0,,,21.0,,,,,22.0,,,
Zfp652,1,,,,,,,,,2.0,,,
Zfp74,2,,,,,,,,22.0,19.0,,,
Zfyve1,2,,6.0,,,,,,,21.0,,,
Znrf3,1,,,,,,,,,7.0,,,
Mapk15,2,,,,,,,,,23.0,8.0,,
Mea1,1,,,,,,,,,22.0,,,
Mlec,2,20.0,,,,,,,,18.0,,,
Mmaa,6,17.0,,,21.0,,,21.0,19.0,21.0,15.0,,
Mmrn2,2,,,,,,,,,22.0,8.0,,
Mrpl33,1,,,,,,,,,21.0,,,
Mrpl49,1,,,,,,,,,22.0,,,
Myef2,1,,,,,,,,,0.0,,,
Parp11,1,,,,,,,,,23.0,,,
Phospho1,4,,6.0,6.0,,,,,,2.0,1.0,,
Pigb,1,,,,,,,,,21.0,,,
Pign,1,,,,,,,,,1.0,,,
Pnpla7,7,7.0,7.0,,,17.0,,,9.0,10.0,9.0,,10.0
Pole4,2,,,,,,,,19.0,19.0,,,
Ppip5k2,2,,,,,,13.0,,,16.0,,,
Rab12,1,,,,,,,,,1.0,,,
Rab5b,1,,,,,,,,,3.0,,,
Ralgps1,4,,21.0,19.0,,,0.0,,,22.0,,,
Naa35,2,,,,,,,21.0,,5.0,,,
Ndufaf4,4,,,20.0,,,,,17.0,14.0,,,18.0
Nol7,1,,,,,,,,,0.0,,,
Nt5m,1,,,,,,,,,22.0,,,
Tubgcp4,6,,,,21.0,22.0,,0.0,20.0,19.0,19.0,,
Uck1,3,,5.0,7.0,,,,,,20.0,,,
Usp38,1,,,,,,,,,22.0,,,
Wdr6,5,,7.0,7.0,,7.0,,,5.0,7.0,,,
Zbtb22,2,,,,10.0,,,,,2.0,,,
Impdh2,1,,,,,,,,,16.0,,,
Ino80b,1,,,,,,,,,3.0,,,
Kynu,2,,,,,,,,18.0,1.0,,,
Lonp2,2,,,,,,,,8.0,4.0,,,
Lrfn3,1,,,,,,,,,21.0,,,
Inmt,7,,14.0,15.0,,11.0,13.0,,12.0,16.0,,13.0,
Ints9,1,,,,,,,,,0.0,,,
Kbtbd7,2,,,,,,,,21.0,19.0,,,
L3mbtl3,6,17.0,,,19.0,,,19.0,23.0,17.0,17.0,,
Lad1,1,,,,,,,,,20.0,,,
Otub2,3,,,20.0,,,,,,20.0,,23.0,
Papd4,1,,,,,,,,,1.0,,,
Pex11a,1,,,,,,,,,14.0,,,
Slc17a9,1,,,,,,,,,19.0,,,
Slc35d1,2,,,,,,,,10.0,12.0,,,
Slc39a10,7,18.0,20.0,20.0,,21.0,20.0,,22.0,17.0,,,
Ston2,1,,,,,,,,,22.0,,,
Rin2,2,,23.0,,,,,,,23.0,,,
Rnf141,5,23.0,,23.0,,23.0,,,5.0,1.0,,,
Rnf144b,1,,,,,,,,,22.0,,,
Rpp21,1,,,,,,,,,21.0,,,
Scrn3,2,,,21.0,,,,,,22.0,,,
Sec14l4,2,,,,,,,,,19.0,14.0,,
9-Sep,2,,,10.0,,,,,,21.0,,,
Sez6l2,1,,,,,,,,,12.0,,,
Sfxn2,2,,,16.0,,,,,,20.0,,,
Tbck,2,20.0,,,,,,,,23.0,,,
Tdrkh,3,18.0,,,,22.0,,,,21.0,,,
Tmem62,4,0.0,,,,1.0,,,,1.0,16.0,,
Tmem98,1,,,,,,,,,22.0,,,
Trabd,5,8.0,7.0,9.0,,,,,,15.0,10.0,,
Lypla2,1,,,,,,,,,23.0,,,
Lyrm5,3,23.0,,,,,,,11.0,0.0,,,
Mfsd8,5,,,23.0,,22.0,,21.0,20.0,22.0,,,
Mmgt1,4,,,,,,,,21.0,18.0,18.0,,23.0
Mreg,3,,,18.0,,,,,,0.0,1.0,,
Mrpl16,1,,,,,,,,,22.0,,,
Mrpl36,1,,,,,,,,,22.0,,,
Mrpl52,2,,,,,,,,,23.0,6.0,,
Mrps2,1,,,,,,,,,21.0,,,
Mrrf,2,,,,,,,0.0,,22.0,,,
Mtbp,1,,,,,,,,,1.0,,,
N4bp2l2,1,,,,,,,,,0.0,,,
Zdhhc13,2,,,,,,,,21.0,21.0,,,
Zfyve26,2,,,,,,,,1.0,3.0,,,
Zkscan17,3,,8.0,,,,,,,7.0,,,7.0
Zmat5,1,,,,,,,,,0.0,,,
Trp53i11,7,,0.0,,,5.0,1.0,,,0.0,0.0,3.0,2.0
Ttc8,2,,,,,,,,,4.0,,,11.0
Tti1,1,,,,,,,,,21.0,,,
Uox,1,,,,,,,,,10.0,,,
Wdr11,1,,,,,,,,,0.0,,,
Wdr19,2,,,,,,,,3.0,0.0,,,
Pigh,4,19.0,23.0,,,,,,21.0,23.0,,,
Pilra,2,,,,,,,,,22.0,,,0.0
Pitpnc1,2,,,,,,,,,11.0,6.0,,
Plekha3,2,,,,,,,,,14.0,14.0,,
Nat6,2,,,,,,,,,22.0,12.0,,
Nipal3,1,,,,,,,,,0.0,,,
Nmral1,2,,,,,10.0,,,,0.0,,,
Nostrin,1,,,,,,,,,1.0,,,
Bhlhb9,3,,,10.0,,,,,,9.0,,,10.0
C330006K01Rik,1,,,,,,,,,3.0,,,
Cdkl2,1,,,,,,,,,22.0,,,
Chchd7,3,,,12.0,,,,,12.0,14.0,,,
Fbxo8,4,,22.0,0.0,,,,,,2.0,,,0.0
Gcap14,3,,,0.0,,,,,,16.0,,,23.0
Gfod2,1,,,,,,,,,22.0,,,
Dhrs9,5,,2.0,3.0,,,6.0,,,23.0,,,0.0
Dusp19,5,21.0,21.0,,,,,,22.0,23.0,20.0,,
Esrp2,1,,,,,,,,,23.0,,,
Fam172a,1,,,,,,,,,5.0,,,
Fam20c,5,,16.0,17.0,,,,,20.0,16.0,14.0,,
Fam83h,1,,,,,,,,,0.0,,,
1700017B05Rik,3,,,,,9.0,,,17.0,21.0,,,
1700020O03Rik,1,,,,,,,,,0.0,,,
2310003H01Rik,2,,,,,,,,8.0,8.0,,,
4931406C07Rik,2,,,,,,,,,21.0,12.0,,
5033414D02Rik,1,,,,,,,,,0.0,,,
Abca6,2,,,,,,,,,10.0,10.0,,
Abhd14a,1,,,,,,,,,22.0,,,
Abhd6,1,,,,,,,,,17.0,,,
Agmat,1,,,,,,,,,2.0,,,
Aldh8a1,2,,,,,,,,21.0,0.0,,,
Amigo2,2,,,,,11.0,,,,13.0,,,
Ankrd23,5,,,23.0,,22.0,1.0,,22.0,22.0,,,
Anxa9,2,,,,22.0,,,,,20.0,,,
Apoa1bp,1,,,,,,,,,23.0,,,
Aqp11,1,,,,,,,,,14.0,,,
Arl15,3,,,21.0,,,,,21.0,19.0,,,
Asap3,1,,,,,,,,,15.0,,,
Asrgl1,2,12.0,,,,,,,,18.0,,,
Atp11c,1,,,,,,,,,8.0,,,
Atxn7l1,2,,,20.0,,,,,,22.0,,,
BC005537,1,,,,,,,,,16.0,,,
Gpcpd1,3,9.0,,,,,12.0,,,8.0,,,
Gpr64,2,,,,,,,,,9.0,12.0,,
Gpr89,1,,,,,,,,,22.0,,,
Hacl1,1,,,,,,,,,23.0,,,
Ift80,4,19.0,,,,20.0,,,22.0,22.0,,,
Cobll1,3,,,,,,17.0,,,9.0,12.0,,
Copz2,1,,,,,,,,,22.0,,,
Coro1b,5,,10.0,11.0,,8.0,,,,8.0,,,12.0
D2Wsu81e,2,,,,,,,,,18.0,16.0,,
Dctpp1,1,,,,,,,,,13.0,,,
Dcun1d4,1,,,,,,,,,8.0,,,
Cmtm8,1,,,,,,,,,4.0,,,
Cnih,1,,,,,,,,,22.0,,,
Cnnm4,1,,,,,,,,,19.0,,,
Commd7,1,,,,,,,,,0.0,,,
Coq5,1,,,,,,,,,21.0,,,
Crtc3,2,,,,,,,,,23.0,,2.0,
Cuedc2,2,,,,,,,,12.0,22.0,,,
Dars2,3,,,,,21.0,,,,23.0,16.0,,
Ddhd2,1,,,,,,,,,12.0,,,
Ddx28,1,,,,,,,,,0.0,,,
Dexi,1,,,,,,,,,20.0,,,
Dis3l2,2,,,,,,,,,7.0,7.0,,
Dus2l,1,,,,,,,,,23.0,,,
Ept1,5,,23.0,0.0,,,,,20.0,0.0,,,0.0
Etnk2,2,,,,,,,,11.0,12.0,,,
Exph5,2,,,,,,,,,21.0,14.0,,
Fam46a,1,,,,,,,,,13.0,,,
Bola1,3,5.0,,,,,,,8.0,22.0,,,
Caprin2,5,21.0,4.0,,,3.0,,,6.0,4.0,,,
Cdc42ep5,2,,,,,,,,8.0,23.0,,,
Cdc42se1,3,,,,,,,,15.0,15.0,10.0,,
Cenpl,1,,,,,,,,,6.0,,,
Chic2,1,,,,,,,,,6.0,,,
Fem1c,2,,,,,,,,22.0,22.0,,,
Fubp3,3,,7.0,,9.0,,,,,4.0,,,
Glipr2,5,,22.0,,,,,,,23.0,0.0,0.0,1.0
Glyctk,2,,,,,,,,14.0,17.0,,,
Gpr110,1,,,,,,,,,5.0,,,
Gtpbp2,5,,8.0,,,,,,8.0,6.0,10.0,,11.0
Hectd2,1,,,,,,,,,21.0,,,
Hist4h4,2,,,,8.0,,,,,23.0,,,
Hsbp1,1,,,,,,,,,23.0,,,
Ido2,1,,,,,,,,,21.0,,,
1190002N15Rik,1,,,,,,,,,14.0,,,
1300001I01Rik,3,,,6.0,,,,,0.0,0.0,,,
4831426I19Rik,5,6.0,7.0,7.0,,,,,,10.0,,,8.0
4833439L19Rik,2,,,,,,,,,17.0,16.0,,
6430548M08Rik,3,,,20.0,,,,,,17.0,9.0,,
Aasdh,2,,,,20.0,,,,,23.0,,,
Ahdc1,3,20.0,,,,,,,,21.0,,23.0,
Ankrd13a,6,17.0,,,,14.0,16.0,14.0,,19.0,14.0,,
Arhgap6,2,,,,,,,,,4.0,,10.0,
Arl5b,2,8.0,,,,,,,,11.0,,,
Asb13,2,,,,,,,,0.0,22.0,,,
BC048355,2,,,,,,,,11.0,22.0,,,
BC057079,1,,,,,,,,,22.0,,,
Nars2,1,,,,,,,,,1.0,,,
Ndufb4,1,,,,,,,,,20.0,,,
Nek4,2,,,,,,,,1.0,22.0,,,
Nit2,1,,,,,,,,,3.0,,,
Nkiras2,3,,7.0,10.0,,,,,,23.0,,,
Lzic,1,,,,,,,,,23.0,,,
Map3k13,1,,,,,,,,,21.0,,,
Mcee,2,,,,,,,,,21.0,22.0,,
Megf9,4,,,,,16.0,,,0.0,21.0,,,21.0
Mfsd7c,3,22.0,,,,,,,,6.0,15.0,,
Mocos,2,,,,,,,,,0.0,,9.0,
Mpp7,6,16.0,,21.0,,20.0,,,1.0,6.0,17.0,,
Mrpl34,1,,,,,,,,,20.0,,,
Mrpl35,1,,,,,,,,,23.0,,,
Mrps27,2,,,,,,,,20.0,22.0,,,
Slc17a3,1,,,,,,,,,21.0,,,
Slc25a44,1,,,,,,,,,19.0,,,
Slc31a2,2,,,,,,17.0,,,23.0,,,
Snx33,5,7.0,7.0,6.0,,,,,,23.0,,,8.0
Snx8,3,,10.0,,,,,,,17.0,10.0,,
Spc24,1,,,,,,,,,17.0,,,
Spef2,2,,,8.0,,,,,,12.0,,,
Srrd,1,,,,,,,,,23.0,,,
Stk35,10,13.0,13.0,14.0,,16.0,14.0,,12.0,12.0,13.0,12.0,13.0
Isoc1,3,,,,,6.0,,,,21.0,4.0,,
Oxsm,1,,,,,,,,,1.0,,,
Paqr3,3,,,,,,,8.0,21.0,20.0,,,
Pgpep1,2,,,,,,17.0,,,18.0,,,
Tbc1d20,3,,8.0,9.0,,,,,,7.0,,,
Thoc6,1,,,,,,,,,22.0,,,
Tm9sf3,1,,,,,,,,,13.0,,,
Tmtc2,2,,,,,3.0,,,,10.0,,,
Rcbtb2,2,6.0,,,,,,,,23.0,,,
Rdh13,2,,,,,,20.0,,,12.0,,,
Rhbdd2,4,,,12.0,,,,,12.0,14.0,9.0,,
Rnf167,2,,,,,,,,8.0,2.0,,,
Rprd1b,1,,,,,,,,,22.0,,,
Rusc2,2,,,,,,,,,18.0,12.0,,
Rwdd3,1,,,,,,,,,0.0,,,
Sec24a,2,,,7.0,,,,,,14.0,,,
Serinc5,6,1.0,,,6.0,,,6.0,6.0,4.0,11.0,,
Sfxn5,1,,,,,,,,,20.0,,,
Polr3g,1,,,,,,,,,20.0,,,
Ppp1r15b,2,10.0,,,,,,,,16.0,,,
Ppp1r16b,1,,,,,,,,,21.0,,,
Prickle3,2,,,,,,,,,21.0,,10.0,
Prpsap2,2,,,,,,,,23.0,22.0,,,
Ptgr1,2,,,,,,,,15.0,22.0,,,
Rab43,3,,,,,,,,9.0,12.0,11.0,,
Zc4h2,3,,,,,,,,22.0,22.0,,,23.0
Zfand2a,1,,,,,,,,,22.0,,,
Zfp622,1,,,,,,,,,0.0,,,
Zfp68,1,,,,,,,,,1.0,,,
Zmym6,6,19.0,21.0,,22.0,,,,23.0,21.0,,8.0,
Ugt2b34,1,,,,,,,,,18.0,,,
Wdyhv1,2,22.0,,,,,,,,2.0,,,
Wibg,1,,,,,,,,,22.0,,,
Ypel3,4,,8.0,10.0,,,,,6.0,5.0,,,
Tspan18,5,0.0,,,,,0.0,,,0.0,1.0,0.0,
Ttc39b,3,,,7.0,,,,,,6.0,,,4.0
Upp2,2,,,,,,,,10.0,11.0,,,
Usp54,5,,,,16.0,,12.0,,,21.0,13.0,12.0,
Wdr35,2,19.0,,,,,,,,23.0,,,
Wdr76,1,,,,,,,,,21.0,,,
Ypel2,7,,22.0,22.0,,,21.0,,22.0,22.0,21.0,22.0,
Taco1,2,,,,,,,19.0,,23.0,,,
Tbc1d25,2,,,,,,,,,17.0,11.0,,
Tmem176a,2,,,,,,,,,23.0,,22.0,
Tmem181a,1,,,,,,,,,7.0,,,
Tmem33,8,20.0,20.0,21.0,21.0,,,22.0,21.0,19.0,18.0,,
Tmx2,3,20.0,,,,,,,,21.0,,,23.0
Shroom1,1,,,,,,,,,22.0,,,
Slc22a23,1,,,,,,,,,12.0,,,
Smap2,3,,,,,,22.0,,,2.0,,23.0,
Snx12,1,,,,,,,,,22.0,,,
Spcs2,4,,,23.0,,,,,19.0,21.0,19.0,,
Spsb3,3,,,,,,22.0,,23.0,22.0,,,
Narf,3,,,,,,,,8.0,10.0,,,11.0
Narg2,2,,,,,,,,21.0,23.0,,,
Nop16,2,,,,,,,,16.0,20.0,,,
Lrrc61,2,,,,,2.0,,,,23.0,,,
Mbtd1,3,,,,,,6.0,,5.0,6.0,,,
Mical2,3,,,0.0,,,23.0,,,21.0,,,
Mon1b,1,,,,,,,,,21.0,,,
Mrp63,1,,,,,,,,,21.0,,,
Msl3,1,,,,,,,,,0.0,,,
Ormdl2,1,,,,,,,,,22.0,,,
Pfkfb4,4,,,23.0,,,,5.0,,21.0,,12.0,
Igsf11,3,0.0,,,,,,,0.0,3.0,,,
Ints10,7,18.0,,21.0,,,22.0,,20.0,20.0,19.0,,21.0
Krtcap2,1,,,,,,,,,21.0,,,
Lonrf3,10,19.0,18.0,20.0,,19.0,19.0,,19.0,20.0,18.0,18.0,20.0
Lpgat1,1,,,,,,,,,18.0,,,
Zcrb1,2,,,,,,10.0,,,10.0,,,
Zfp51,1,,,,,,,,,23.0,,,
Zfp637,1,,,,,,,,,21.0,,,
Rasa2,2,,,,,,,,22.0,10.0,,,
Rbm33,3,,6.0,,,,,,8.0,7.0,,,
Rbm45,5,21.0,,,,,,,23.0,22.0,21.0,,21.0
Rin3,1,,,,,,,,,21.0,,,
Rnf181,3,,,,,,,,12.0,21.0,15.0,,
Scoc,1,,,,,,,,,20.0,,,
Ppapdc2,2,,,16.0,,,,,,0.0,,,
Pter,2,,,,,,,,0.0,23.0,,,
Pxmp4,2,7.0,,,,,,,,23.0,,,
Rabl2,4,20.0,22.0,,,,,,21.0,23.0,,,
Adhfe1,2,,,,,,,,12.0,1.0,,,
Ahcyl2,5,21.0,,,,,,,23.0,21.0,22.0,,22.0
Als2cl,1,,,,,,,,,21.0,,,
B3galnt2,3,,,,,,20.0,,18.0,18.0,,,
B4galnt3,1,,,,,,,,,23.0,,,
BC017647,1,,,,,,,,,22.0,,,
Brpf3,2,22.0,,,,,,,,11.0,,,
Cep78,2,,,,,,,,21.0,21.0,,,
Copg,2,,,,,,,,18.0,19.0,,,
Cox19,1,,,,,,,,,23.0,,,
Cpn2,1,,,,,,,,,23.0,,,
Csnk1g3,1,,,,,,,,,14.0,,,
Cyp39a1,2,,,,,,,,,18.0,14.0,,
D14Ertd449e,3,,18.0,20.0,,,,,,22.0,,,
D5Ertd579e,1,,,,,,,,,15.0,,,
Dcaf4,6,,4.0,4.0,,3.0,,5.0,,2.0,3.0,,
Dhdh,2,,,,,,,,12.0,5.0,,,
Dhx35,2,,,,,,0.0,,,0.0,,,
Dnaja4,7,18.0,18.0,20.0,,,,21.0,19.0,18.0,18.0,,
Dock6,3,,,,,,17.0,,,20.0,10.0,,
Elac1,1,,,,,,,,,23.0,,,
Epb4.1l4b,1,,,,,,,,,12.0,,,
Eral1,1,,,,,,,,,23.0,,,
Fam114a1,1,,,,,,,,,1.0,,,
Fam134b,2,,,22.0,,,,,,4.0,,,
Fam13b,3,21.0,,,,,,,22.0,21.0,,,
Fam168a,1,,,,,,,,,22.0,,,
1110008P14Rik,1,,,,,,,,,21.0,,,
2310035C23Rik,1,,,,,,,,,1.0,,,
2310044G17Rik,6,,11.0,12.0,,,14.0,,16.0,17.0,12.0,,
2610029G23Rik,1,,,,,,,,,19.0,,,
Abhd4,3,,,,,,9.0,,,2.0,,6.0,
Abtb2,3,,,,,,21.0,,,21.0,,0.0,
Adamts3,1,,,,,,,,,11.0,,,
Fbxl18,1,,,,,,,,,23.0,,,
Gatad1,2,,,,,,,,,16.0,,,21.0
Gmpr2,1,,,,,,,,,22.0,,,
Gpr155,4,,14.0,19.0,,,,,,19.0,13.0,,
Gpr19,2,,,,,1.0,,,,1.0,,,
Gpr97,2,,,,,,,,,2.0,5.0,,
Gramd4,11,,23.0,23.0,2.0,3.0,2.0,3.0,22.0,22.0,1.0,0.0,0.0
Gstcd,2,,,,,,,,,23.0,,22.0,
H3f3b,3,,,6.0,,,,,2.0,0.0,,,
Hs1bp3,1,,,,,,,,,4.0,,,
Ifit1,2,,,,12.0,,,,,4.0,,,
Haus5,1,,,,,,,,,2.0,,,
Hspbap1,3,,,,,,,,3.0,22.0,10.0,,
Ift140,1,,,,,,,,,21.0,,,
Cmah,5,,,20.0,,,,,,21.0,6.0,23.0,23.0
Cmtm6,9,0.0,0.0,2.0,,,23.0,,0.0,2.0,0.0,0.0,2.0
Coq10a,4,10.0,10.0,11.0,,,,,,6.0,,,
Cybasc3,1,,,,,,,,,23.0,,,
Dak,1,,,,,,,,,15.0,,,
Def8,1,,,,,,,,,22.0,,,
Dennd4c,4,20.0,,,,,,,22.0,4.0,18.0,,
Agphd1,2,,,,,,,,,6.0,7.0,,
Alg5,1,,,,,,,,,22.0,,,
Anapc13,2,,,,,,,,,22.0,8.0,,
Ankrd46,1,,,,,,,,,20.0,,,
Arhgap18,4,,,,,,1.0,,,3.0,,3.0,0.0
Arl2bp,5,,4.0,5.0,,,,,2.0,3.0,,,22.0
Atpbd4,4,,,0.0,,,6.0,,23.0,1.0,,,
AU022252,1,,,,,,,,,0.0,,,
BC006779,2,,,,,,,,,23.0,9.0,,
BC068281,6,,,,19.0,19.0,18.0,18.0,,22.0,17.0,,
Bfar,2,,,10.0,,,,,,9.0,,,
Bivm,1,,,,,,,,,21.0,,,
Ccdc50,2,,,,,,,,,6.0,,5.0,
Ccdc57,2,,,,,,,,,16.0,,12.0,
Ccdc75,2,,,,,,,,22.0,21.0,,,
Cept1,5,,,,21.0,,,21.0,,1.0,20.0,1.0,
Fbxw9,1,,,,,,,,,17.0,,,
Flywch1,2,,,,,,,,,18.0,16.0,,
Gfm2,2,,,,,,,,22.0,0.0,,,
Ghdc,1,,,,,,,,,0.0,,,
Dis3l,1,,,,,,,,,1.0,,,
Dnajb14,2,,,,,,,,17.0,18.0,,,
Dnajc24,1,,,,,,,,,22.0,,,
Dpm3,1,,,,,,,,,22.0,,,
Elmod3,3,,,10.0,,,,,,20.0,,,12.0
Enpp5,1,,,,,,,,,4.0,,,
Epm2aip1,1,,,,,,,,,19.0,,,
Fam102a,5,,,13.0,5.0,,,,14.0,13.0,10.0,,
Fam53b,2,,,,,,,,,22.0,,23.0,
Fam96a,2,,,,,,,,,22.0,,,23.0
1110059E24Rik,1,,,,,,,,,13.0,,,
1810013L24Rik,5,,8.0,9.0,,,12.0,,,7.0,,9.0,
2010002N04Rik,3,,,,,,,15.0,0.0,21.0,,,
2310008H04Rik,4,22.0,,,,,,19.0,23.0,22.0,,,
2810004N23Rik,1,,,,,,,,,23.0,,,
2810428I15Rik,1,,,,,,,,,22.0,,,
3010026O09Rik,2,,,,,,,,6.0,2.0,,,
3200002M19Rik,1,,,,,,,,,23.0,,,
6330416G13Rik,2,,,,,,20.0,,,17.0,,,
Acbd5,1,,,,,,,,,8.0,,,
Acot12,2,,,,,,,,11.0,9.0,,,
Ppp1r2,1,,,,,,,,,11.0,,,
Ppp1r3b,2,,,,,,18.0,,,18.0,,,
Pycrl,1,,,,,,,,,17.0,,,
Pcmtd2,2,,,,,,,,,4.0,,,7.0
Pdcl3,1,,,,,,,,,23.0,,,
Slc25a32,1,,,,,,,,,12.0,,,
Slc25a38,4,,17.0,,,,18.0,,,19.0,18.0,,
Slc39a9,1,,,,,,,,,23.0,,,
Slmo2,2,,,5.0,,,,,,14.0,,,
Stbd1,3,,15.0,,,,,,,11.0,13.0,,
Ston1,2,,,,,,,,,21.0,,,21.0
Trp53inp2,3,,,17.0,,,,,,17.0,,,19.0
Tsku,7,9.0,15.0,16.0,,,,,12.0,14.0,12.0,,16.0
Ttc23,1,,,,,,,,,16.0,,,
Txndc9,3,20.0,,,,,,,20.0,23.0,,,
Vkorc1l1,2,,,,,,,,,14.0,18.0,,
Vps37b,1,,,,,,,,,20.0,,,
Wdr91,1,,,,,,,,,23.0,,,
Tgtp1,2,,5.0,,,,,,,5.0,,,
Tm4sf4,1,,,,,,,,,3.0,,,
Tmed5,1,,,,,,,,,12.0,,,
Tmem87a,1,,,,,,,,,23.0,,,
Lrp11,1,,,,,,,,,22.0,,,
Lrp12,2,,,,,,,,,16.0,,,12.0
Lrrtm3,2,,,,,18.0,,,,10.0,,,
Med11,1,,,,,,,,,22.0,,,
Med12l,3,,23.0,0.0,,,,,,21.0,,,
Mospd2,3,,,,,,,,22.0,2.0,21.0,,
Naif1,2,,,,,,,,19.0,20.0,,,
Nudt22,2,,,,,,,,,22.0,14.0,,
Reep4,1,,,,,,,,,0.0,,,
Rgl1,4,,,,,,,,11.0,21.0,23.0,0.0,
Rpl7l1,1,,,,,,,,,17.0,,,
Rps27a,2,,,,,,,,,11.0,7.0,,
Sbk1,2,,,,,,17.0,,,13.0,,,
Serinc2,2,2.0,,,,,,,,3.0,,,
Insc,1,,,,,,,,,21.0,,,
Ints12,2,,,,,,,,22.0,0.0,,,
Khnyn,1,,,,,,,,,23.0,,,
Lace1,3,,,,22.0,,,,,21.0,,,21.0
Zfp2,1,,,,,,,,,23.0,,,
Zfp438,2,,,,,,,,23.0,22.0,,,
Zfp513,1,,,,,,,,,2.0,,,
Zfp54,2,,,,,,,,22.0,19.0,,,
Zfp706,2,,,,,,,,16.0,22.0,,,
Zfp707,2,,,,,,,,,0.0,12.0,,
Zcchc10,2,,,,,,,,21.0,22.0,,,
Zdhhc14,2,,,,2.0,,,,,16.0,,,
Zfand1,3,4.0,,,,,,,6.0,2.0,,,
Zfp385b,2,,,,,,,,,12.0,16.0,,
Zfp512,2,,,,,,,,,0.0,,8.0,
Lrrc3,1,,,,,,,,,19.0,,,
Manbal,1,,,,,,,,,1.0,,,
Mast4,2,,,,,,,,,22.0,,2.0,
Mtl5,1,,,,,,,,,9.0,,,
Myg1,1,,,,,,,,,22.0,,,
Slc16a6,3,,,20.0,,,,,20.0,22.0,,,
Slc35e2,2,,,11.0,,,,,,5.0,,,
Smcr7,1,,,,,,,,,19.0,,,
Pigl,1,,,,,,,,,0.0,,,
Pla2g12b,1,,,,,,,,,1.0,,,
Prdm10,4,,20.0,20.0,,,,,20.0,22.0,,,
Rad9b,2,,,10.0,,,,,,22.0,,,
Oma1,3,,,22.0,,,,20.0,,23.0,,,
Osgin1,6,,17.0,19.0,,,,,14.0,1.0,14.0,,20.0
Pgm2l1,3,,,,,19.0,,,,14.0,12.0,,
Tctn2,1,,,,,,,,,11.0,,,
Tex12,1,,,,,,,,,0.0,,,
Tmco3,2,,,,,,,21.0,,23.0,,,
Tmco6,1,,,,,,,,,0.0,,,
Tmem147,1,,,,,,,,,22.0,,,
Tmem184a,2,,,,,,,,6.0,3.0,,,
Tmem216,3,,,4.0,,,,,,22.0,,,7.0
Tmem37,2,,,13.0,,,,,,18.0,,,
Trim7,4,,,,,,9.0,,10.0,18.0,4.0,,
Trnau1ap,4,,,9.0,8.0,,,,10.0,10.0,,,
Tspan33,1,,,,,,,,,22.0,,,
Ttll12,1,,,,,,,,,22.0,,,
Tube1,1,,,,,,,,,1.0,,,
Txndc15,1,,,,,,,,,22.0,,,
Ubxn2a,3,,,,,0.0,,,,19.0,17.0,,
Ubxn2b,6,18.0,,0.0,21.0,,,,18.0,19.0,17.0,,
Xylb,2,,,,,,,,9.0,9.0,,,
Jhdm1d,2,,,,20.0,,,,,6.0,,,
Katnal1,4,,,,22.0,22.0,,21.0,,20.0,,,
Kctd9,1,,,,,,,,,2.0,,,
Lipt1,1,,,,,,,,,22.0,,,
Nat8,4,11.0,,,,,,,14.0,21.0,16.0,,
Nudt13,1,,,,,,,,,23.0,,,
Nutf2,1,,,,,,,,,18.0,,,
Rassf3,2,,0.0,,,,,,,8.0,,,
Rnf19b,3,8.0,,,,,,,,11.0,,,8.0
Scly,2,,,,,,,5.0,,0.0,,,
Setd1b,2,,,,,,,,,8.0,10.0,,
1110008L16Rik,1,,,,,,,,,23.0,,,
1810063B05Rik,2,,,,,,,,12.0,17.0,,,
4930444A02Rik,1,,,,,,,,,23.0,,,
8430419L09Rik,1,,,,,,,,,19.0,,,
Acox2,2,,,,,,,,,23.0,7.0,,
Ado,2,,,,,,,,,22.0,19.0,,
Alkbh8,2,,,,,,,,23.0,23.0,,,
Angel2,3,,16.0,,,,,,,18.0,13.0,,
Ankrd40,3,,,,,,,,19.0,22.0,,,21.0
Arl6ip4,1,,,,,,,,,15.0,,,
Atad2b,1,,,,,,,,,23.0,,,
BC018507,4,,,22.0,,,23.0,,23.0,22.0,,,
Hsd3b7,2,,,,,,,,,3.0,17.0,,
Cmpk2,5,0.0,,,,2.0,,,21.0,1.0,22.0,,
Cnnm3,3,,,,,,,,6.0,23.0,,,0.0
Cnpy4,2,,,,,,,,22.0,20.0,,,
Coq10b,10,10.0,11.0,12.0,,11.0,10.0,,11.0,11.0,11.0,9.0,13.0
Dcakd,1,,,,,,,,,22.0,,,
Dhrs7,1,,,,,,,,,17.0,,,
Dnajc30,1,,,,,,,,,22.0,,,
Dram2,1,,,,,,,,,2.0,,,
Dtx4,11,23.0,0.0,0.0,2.0,2.0,23.0,,23.0,0.0,23.0,0.0,23.0
Eltd1,4,19.0,,,,,22.0,,21.0,18.0,,,
Exd2,6,,,21.0,22.0,20.0,22.0,,,23.0,17.0,,
Fam108b,1,,,,,,,,,12.0,,,
Fam168b,1,,,,,,,,,0.0,,,
Fam65b,4,,,,,,4.0,,,22.0,4.0,23.0,
Ccdc126,1,,,,,,,,,19.0,,,
Ccdc66,2,,,,,,,,,23.0,,,2.0
Fnip1,5,,11.0,9.0,,,,,,7.0,13.0,7.0,
Frrs1,2,,,,,,,,21.0,12.0,,,
Fundc1,2,,,,,,,,0.0,21.0,,,
Gdpd1,3,,,,,,21.0,,,19.0,13.0,,
Gkap1,3,,,6.0,,,,,,9.0,16.0,,
Fnip2,3,,,,,,,8.0,10.0,12.0,,,
Fuk,1,,,,,,,,,20.0,,,
Gfod1,2,,,,,,20.0,,,22.0,,,
Heatr5a,1,,,,,,,,,17.0,,,
1110003E01Rik,1,,,,,,,,,21.0,,,
1110018G07Rik,2,,,11.0,,,,,,3.0,,,
1700040L02Rik,5,,,12.0,,9.0,,7.0,,7.0,5.0,,
3110001D03Rik,1,,,,,,,,,22.0,,,
3110040N11Rik,1,,,,,,,,,23.0,,,
3110062M04Rik,1,,,,,,,,,20.0,,,
4833420G17Rik,2,,,,,,,,6.0,7.0,,,
4930430F08Rik,3,,,,,,,,23.0,19.0,18.0,,
9430023L20Rik,2,,,7.0,,,,,,22.0,,,
Abhd3,2,20.0,,,,,,,,22.0,,,
Abhd8,3,,,20.0,,,,,,18.0,17.0,,
Acbd4,2,,4.0,,,,,,,21.0,,,
Adamts6,2,,,,,,,,,6.0,6.0,,
Akap17b,1,,,,,,,,,15.0,,,
Alkbh7,2,,,,,,,,,22.0,20.0,,
Atg2a,2,,,,,,,,7.0,6.0,,,
Atp5h,1,,,,,,,,,23.0,,,
Atxn7l3b,2,,,,,,,,21.0,1.0,,,
AW554918,2,,,,,,7.0,,,1.0,,,
BC052040,5,,0.0,,23.0,,5.0,,3.0,2.0,,,
Dcun1d3,1,,,,,,,,,13.0,,,
Dhx37,1,,,,,,,,,22.0,,,
Entpd8,2,,,,,,,,12.0,23.0,,,
Fam111a,1,,,,,,,,,22.0,,,
Fam125a,3,,,,,8.0,,,12.0,19.0,,,
Fam126b,5,,,,19.0,,,20.0,,12.0,17.0,13.0,
Fam57a,1,,,,,,,,,19.0,,,
Rgl3,1,,,,,,,,,19.0,,,
Rnf145,8,,15.0,,21.0,14.0,16.0,,,11.0,12.0,20.0,21.0
Rnf39,2,,,,,,,,,8.0,16.0,,
Rprd1a,6,21.0,,23.0,,,,22.0,21.0,20.0,16.0,,
Rrbp1,2,,,,,,,,,4.0,,2.0,
Rundc3b,2,11.0,,,,,,,,11.0,,,
Sft2d1,2,,,,,,,,9.0,8.0,,,
Sys1,2,,,12.0,,,,,,22.0,,,
Tmc7,4,,,19.0,,,22.0,,,13.0,14.0,,
Tmem135,2,,,,,,,,22.0,21.0,,,
Tmem180,1,,,,,,,,,0.0,,,
Tmem184c,2,,,,,,11.0,,,21.0,,,
Tmem206,1,,,,,,,,,19.0,,,
Tor1aip1,1,,,,,,,,,4.0,,,
Slc35e1,2,,,,,,,,,18.0,15.0,,
Snap47,2,,,,,,,,,22.0,16.0,,
Snx29,2,,,,,,,,0.0,22.0,,,
Spryd3,2,,,,,,,,,21.0,7.0,,
Srms,1,,,,,,,,,20.0,,,
Zc3h12d,2,,,,,,,,,1.0,4.0,,
Zfp111,1,,,,,,,,,22.0,,,
Zfp334,2,,,,,,,,,21.0,16.0,,
Zfp810,1,,,,,,,,,22.0,,,
Zmat1,1,,,,,,,,,21.0,,,
Zscan20,1,,,,,,,,,21.0,,,
Lyrm1,1,,,,,,,,,23.0,,,
Mfhas1,3,,,,,,18.0,,,17.0,13.0,,
Midn,2,,,,,,,,8.0,5.0,,,
Mif4gd,6,,1.0,,,,,,23.0,21.0,22.0,0.0,20.0
Mlkl,1,,,,,,,,,3.0,,,
Ostc,1,,,,,,,,,19.0,,,
Otud6b,1,,,,,,,,,14.0,,,
Pcp4l1,1,,,,,,,,,18.0,,,
Pgls,1,,,,,,,,,19.0,,,
Pigy,2,,,,,,,,22.0,23.0,,,
Plekha8,1,,,,,,,,,14.0,,,
Ppapdc3,1,,,,,,,,,10.0,,,
Prodh2,1,,,,,,,,,22.0,,,
Pus7,1,,,,,,,,,17.0,,,
Ralgapa2,3,,,,,,18.0,,,10.0,13.0,,
Nxt2,3,,,,,,2.0,,,3.0,17.0,,
Odf3b,2,,,,,,,,,1.0,7.0,,
Trmt5,1,,,,,,,,,21.0,,,
Tsr2,1,,,,,,,,,23.0,,,
Tysnd1,3,,6.0,7.0,,,,,,17.0,,,
Ube2f,1,,,,,,,,,16.0,,,
Uroc1,1,,,,,,,,,22.0,,,
Wdr41,1,,,,,,,,,4.0,,,
Wdr89,2,,,,,18.0,,,,21.0,,,
Zbtb10,1,,,,,,,,,5.0,,,
Josd2,3,,,,,22.0,17.0,,,22.0,,,
Klhl21,6,8.0,10.0,,,,17.0,,,8.0,12.0,,10.0
Inca1,5,,8.0,10.0,,,,8.0,10.0,3.0,,,
Ldlrad3,1,,,,,,,,,12.0,,,
Osgin2,4,21.0,,,,,,,22.0,17.0,,,2.0
Parp16,3,,,17.0,,,,,,20.0,,,20.0
Pde9a,2,,,,,22.0,,,,22.0,,,
Slc25a46,3,21.0,,,,,,,23.0,8.0,,,
Slc46a3,9,,16.0,17.0,18.0,,16.0,,14.0,16.0,13.0,17.0,16.0
Spryd4,1,,,,,,,,,22.0,,,
Tbc1d24,3,,,,,,22.0,9.0,,12.0,,,
Tbc1d2b,2,,,,,,,,,12.0,12.0,,
Tm6sf2,2,,,,20.0,,,,,22.0,,,
Tmem107,1,,,,,,,,,21.0,,,
Tmem14a,1,,,,,,,,,22.0,,,
Tmem160,2,,,,,,,,,22.0,11.0,,
Tmem170,2,,,,,,,,,23.0,18.0,,
Tmem177,1,,,,,,,,,22.0,,,
Tmem19,2,,,,,,,,21.0,23.0,,,
Tmem194,1,,,,,,,,,2.0,,,
Tmem214,3,,,,,,,,15.0,17.0,13.0,,
Tmem41a,1,,,,,,,,,17.0,,,
Top1mt,1,,,,,,,,,0.0,,,
Trim41,2,,,,,,,,10.0,17.0,,,
Lrrc28,2,8.0,,,,,,,,14.0,,,
Lrrc57,2,,,,,,,,,23.0,14.0,,
Lrrc58,6,20.0,20.0,21.0,,,18.0,,14.0,19.0,,,
Lsm12,1,,,,,,,,,18.0,,,
Micalcl,2,,,,,,,,22.0,22.0,,,
Mtfmt,1,,,,,,,,,23.0,,,
Mustn1,3,,,,,,,,13.0,1.0,7.0,,
Mzt1,1,,,,,,,,,6.0,,,
Zdhhc18,1,,,,,,,,,22.0,,,
Zdhhc23,2,,12.0,,,,,,,8.0,,,
Zfp449,2,,,,,,,,23.0,23.0,,,
Wdr81,3,,,,,,,,,1.0,10.0,,9.0
Wipf3,4,,,,,,14.0,,,8.0,14.0,13.0,
Pyroxd1,2,,,,,,,,6.0,3.0,,,
Nbeal2,2,,,,,,,,12.0,19.0,,,
Necab1,2,,,,,,6.0,,,1.0,,,
Nhlrc2,2,,,,,,,,,13.0,11.0,,
Nsun6,1,,,,,,,,,4.0,,,
Oaf,4,8.0,6.0,5.0,,,,,,9.0,,,
Ogfod1,3,,,,22.0,,,,,17.0,14.0,,
Dus4l,2,,,,,,,,23.0,22.0,,,
Eps8l2,2,,,,,,,,3.0,1.0,,,
Fam155a,1,,,,,,,,,6.0,,,
Fam195a,3,,,,,,20.0,,12.0,17.0,,,
Fam73b,6,,10.0,11.0,,,21.0,,,17.0,23.0,22.0,
1600029D21Rik,1,,,,,,,,,16.0,,,
1810019J16Rik,1,,,,,,,,,23.0,,,
1810030O07Rik,1,,,,,,,,,0.0,,,
1810055G02Rik,1,,,,,,,,,11.0,,,
2310036O22Rik,2,23.0,,,,,,,,0.0,,,
4931414P19Rik,1,,,,,,,,,19.0,,,
Acsf3,2,,,,,,,,12.0,2.0,,,
Adck5,2,,,,,,,,2.0,1.0,,,
Fbxl15,1,,,,,,,,,20.0,,,
Fbxl21,4,23.0,,,,,,,8.0,1.0,,,7.0
Gmeb2,1,,,,,,,,,22.0,,,
Gpr137,1,,,,,,,,,22.0,,,
Gpr146,6,7.0,8.0,,6.0,,9.0,,,8.0,10.0,,
Gtpbp8,2,,,,,,,,23.0,22.0,,,
Hdhd3,1,,,,,,,,,21.0,,,
Heca,2,,,,,,,,4.0,7.0,,,
Hint3,2,,,,,,,,,22.0,20.0,,
Hist1h4h,1,,,,,,,,,22.0,,,
Cnksr3,2,,,,10.0,,,,,0.0,,,
Crebl2,3,,,,,,,,8.0,12.0,18.0,,
Cyp2g1,1,,,,,,,,,9.0,,,
D430042O09Rik,2,,,,,,,,6.0,2.0,,,
Ddx39,1,,,,,,,,,22.0,,,
Dennd4b,1,,,,,,,,,21.0,,,
Ankmy2,3,,,,,,,,1.0,23.0,,2.0,
Bco2,1,,,,,,,,,0.0,,,
C77080,1,,,,,,,,,8.0,,,
Camk2n1,2,,,,,,18.0,,,13.0,,,
Ccdc111,1,,,,,,,,,22.0,,,
Fdxacb1,2,,,,,,,,22.0,0.0,,,
Gimap5,1,,,,,,,,,22.0,,,
Dhrs11,4,,,,,,14.0,8.0,19.0,22.0,,,
Echdc3,1,,,,,,,,,2.0,,,
Eml5,3,,,,,,,,8.0,6.0,,,10.0
Fam108c,2,,,,,,23.0,,,3.0,,,
Fam116b,3,5.0,,,,,,9.0,,23.0,,,
Fam120c,4,,0.0,0.0,,,,,,22.0,20.0,,
Fam149b,2,,,,,0.0,,,,22.0,,,
Fam20a,2,,,,,,,,,0.0,0.0,,
Fam45a,4,,,1.0,,,,,,23.0,20.0,,23.0
1110038D17Rik,2,,,,,,,,4.0,22.0,,,
1600014C10Rik,3,8.0,,,,,,,9.0,8.0,,,
2210009G21Rik,3,,,,22.0,,,,21.0,20.0,,,
2610528J11Rik,1,,,,,,,,,23.0,,,
4921524J17Rik,2,21.0,,,,,,,,13.0,,,
4933403F05Rik,2,,,1.0,,,,,,4.0,,,
5730469M10Rik,1,,,,,,,,,22.0,,,
Acmsd,2,,,,,,,,0.0,20.0,,,
AI316807,7,,7.0,9.0,,,11.0,6.0,6.0,5.0,,,9.0
Akr1c14,2,,,,,,,,,13.0,16.0,,
Amdhd1,1,,,,,,,,,2.0,,,
Amdhd2,3,,,,,,,,8.0,12.0,10.0,,
Arl10,1,,,,,,,,,19.0,,,
Avl9,1,,,,,,,,,3.0,,,
BC031181,3,,21.0,,,,,,,22.0,18.0,,
Gprin3,3,,,,,,,,7.0,7.0,22.0,,
Higd2a,1,,,,,,,,,23.0,,,
Ifi47,1,,,,,,,,,1.0,,,
Cyp4f15,1,,,,,,,,,2.0,,,
D6Wsu163e,2,,,,,,,,21.0,22.0,,,
N6amt2,1,,,,,,,,,21.0,,,
Lrit1,1,,,,,,,,,3.0,,,
Lyrm7,1,,,,,,,,,21.0,,,
Mapk1ip1,1,,,,,,,,,2.0,,,
Marveld1,8,15.0,16.0,17.0,,,16.0,,16.0,15.0,14.0,,16.0
Mrto4,3,,,,,8.0,,,,16.0,10.0,,
Sike1,1,,,,,,,,,23.0,,,
Slc15a3,2,2.0,,,,,,,,3.0,,,
Slc25a45,2,,,,,,,,19.0,20.0,,,
Slc25a47,1,,,,,,,,,9.0,,,
Slc41a2,1,,,,,,,,,23.0,,,
Slc41a3,5,,,23.0,8.0,,2.0,,,12.0,,4.0,
Klhl24,4,5.0,,,,,6.0,,3.0,5.0,,,
Lass6,2,,,,,,,,13.0,12.0,,,
Lmln,1,,,,,,,,,18.0,,,
Loh12cr1,1,,,,,,,,,20.0,,,
Pddc1,2,,,,,,4.0,,,23.0,,,
Pex11c,1,,,,,,,,,22.0,,,
Tatdn1,1,,,,,,,,,23.0,,,
Tatdn3,1,,,,,,,,,2.0,,,
Tmem209,1,,,,,,,,,23.0,,,
Tmem218,1,,,,,,,,,1.0,,,
Rasl11b,2,,,,10.0,,,,,22.0,,,
Rell1,2,,,,,,,,6.0,3.0,,,
Rtp4,1,,,,,,,,,2.0,,,
Sdhaf1,2,,,,,,,,11.0,17.0,,,
Ppdpf,1,,,,,,,,,0.0,,,
Zcwpw1,1,,,,,,,,,0.0,,,
Zfp101,1,,,,,,,,,23.0,,,
Zfp667,2,,,,,,,,,23.0,18.0,,
Ttc7b,4,6.0,4.0,,,,,,7.0,16.0,,,
Ttpal,1,,,,,,,,,14.0,,,
Wbscr27,6,4.0,5.0,,,,,8.0,6.0,3.0,5.0,,
Zbed3,1,,,,,,,,,21.0,,,
Xpnpep3,2,,,,,,,,19.0,16.0,,,
Szt2,3,,,,,,,,,22.0,2.0,,23.0
Tbc1d16,2,,,,,,,,7.0,11.0,,,
Tecpr2,1,,,,,,,,,22.0,,,
Tmem120b,1,,,,,,,,,14.0,,,
Tmem150a,3,,,,,,,,12.0,21.0,11.0,,
Tmem175,1,,,,,,,,,23.0,,,
Tmem179b,2,,,11.0,,,,,,0.0,,,
Slc16a12,6,,,20.0,12.0,12.0,,15.0,,14.0,12.0,,
Slc16a5,2,,,,,,,,16.0,17.0,,,
Slc22a15,2,,,10.0,,,,,,23.0,,,
Slc25a35,5,,,,,21.0,18.0,,15.0,21.0,21.0,,
Snx32,2,,,20.0,,,,,,23.0,,,
Nacad,2,,,,,,,6.0,,9.0,,,
Ngrn,2,,,,,,,,,23.0,19.0,,
Nhsl1,2,,22.0,,,,,,,22.0,,,
Nptn,3,,17.0,,,,,,,13.0,13.0,,
Magix,1,,,,,,,,,1.0,,,
Mettl8,2,,,,,0.0,,,,22.0,,,
Mtx3,3,,,,,,1.0,,2.0,2.0,,,
Myeov2,1,,,,,,,,,12.0,,,
Oxnad1,1,,,,,,,,,22.0,,,
Pet112l,2,,,,,,,,,0.0,,,21.0
Irf2bp2,3,,,,,,,,21.0,22.0,,22.0,
Kdm1b,1,,,,,,,,,21.0,,,
Klhdc8a,4,,,,,6.0,1.0,,23.0,22.0,,,
Lonrf1,8,14.0,13.0,15.0,,,16.0,,13.0,16.0,14.0,,14.0
Zfp828,1,,,,,,,,,22.0,,,
Rfesd,2,,,,,,,,2.0,23.0,,,
Rnft1,4,,1.0,,,0.0,,,,3.0,20.0,,
Sdr9c7,1,,,,,,,,,23.0,,,
Pou5f2,1,,,,,,,,,4.0,,,
Pramef8,1,,,,,,,,,21.0,,,
Qpctl,2,,,,,,,,,19.0,,,20.0
Cmbl,3,,,,,5.0,,,10.0,2.0,,,
Crybg3,6,,23.0,0.0,,20.0,5.0,,,19.0,,,0.0
Cyp4f39,3,,,,,,,,,23.0,0.0,2.0,
D630039A03Rik,1,,,,,,,,,4.0,,,
Dennd2d,3,9.0,,,,,,,,0.0,,,13.0
Fam160a1,3,,,23.0,,,19.0,,,1.0,,,
Fam195b,1,,,,,,,,,3.0,,,
Fam36a,2,,,,,,,,,23.0,1.0,,
Ccdc28a,1,,,,,,,,,1.0,,,
Gatc,2,,,20.0,,,,,,21.0,,,
Gatsl2,3,,,22.0,,,,,,22.0,,,23.0
Ggt6,1,,,,,,,,,19.0,,,
Gm129,11,10.0,11.0,11.0,10.0,12.0,11.0,10.0,10.0,11.0,,9.0,11.0
Gm5617,1,,,,,,,,,23.0,,,
Gp49a,4,4.0,,,,,7.0,,2.0,4.0,,,
1190005F20Rik,1,,,,,,,,,19.0,,,
2310016M24Rik,1,,,,,,,,,23.0,,,
2310061C15Rik,2,,,,,,,,,20.0,,,21.0
3830406C13Rik,2,,1.0,,,,,,,0.0,,,
6430571L13Rik,1,,,,,,,,,4.0,,,
6530401N04Rik,2,,,,,,9.0,,,21.0,,,
6720456H20Rik,2,,,,,22.0,,,,21.0,,,
9130011J15Rik,2,,7.0,,,,,,,6.0,,,
A2ld1,3,4.0,,,,,,,0.0,0.0,,,
Acat3,4,,13.0,13.0,,,,,12.0,1.0,,,
Adat2,1,,,,,,,,,23.0,,,
Alg11,2,,,,,,,0.0,,14.0,,,
Arhgef19,5,20.0,,,,,22.0,21.0,20.0,22.0,,,
Atg16l2,1,,,,,,,,,22.0,,,
Ankrd9,5,,11.0,10.0,,,16.0,,,16.0,14.0,,
Atp6v1f,1,,,,,,,,,22.0,,,
BC018242,1,,,,,,,,,23.0,,,
Ccdc151,1,,,,,,,,,18.0,,,
Ccdc159,3,,,12.0,,,,4.0,,23.0,,,
Chst13,1,,,,,,,,,19.0,,,
Chsy3,1,,,,,,,,,10.0,,,
Commd6,2,,,,,,,,,23.0,,,23.0
Cphx,1,,,,,,,,,22.0,,,
Csl,1,,,,,,,,,0.0,,,
Cyp2c40,1,,,,,,,,,0.0,,,
Dcaf15,2,,,,,,,,,2.0,7.0,,
Ddx60,1,,,,,,,,,4.0,,,
Dennd5b,2,,,,,19.0,,,,9.0,,,
Dpy19l1,2,,,,,,,,21.0,18.0,,,
Fam100b,2,,,,,,,,,4.0,,,7.0
Fam171a1,2,,,,,,,,,20.0,18.0,,
1110038F14Rik,1,,,,,,,,,23.0,,,
1810009A15Rik,1,,,,,,,,,17.0,,,
2510002D24Rik,2,,,,,,,5.0,,3.0,,,
2810006K23Rik,3,,,,,,,0.0,,23.0,18.0,,
2810021B07Rik,1,,,,,,,,,0.0,,,
2900010M23Rik,2,,,0.0,,,,,,22.0,,,
3110003A17Rik,1,,,,,,,,,6.0,,,
6430550D23Rik,1,,,,,,,,,22.0,,,
A830093I24Rik,1,,,,,,,,,22.0,,,
Gas2l3,3,11.0,,,,9.0,,,,15.0,,,
R3hcc1,1,,,,,,,,,2.0,,,
Raet1c,1,,,,,,,,,4.0,,,
Paqr9,2,,,,,,,,,23.0,,,19.0
Slc17a2,1,,,,,,,,,16.0,,,
Slc35f5,1,,,,,,,,,3.0,,,
Smagp,3,,8.0,,,,,,10.0,1.0,,,
Tsga14,2,,,,,,,0.0,,0.0,,,
Xkr8,1,,,,,,,,,19.0,,,
Zbtb26,4,,,,22.0,21.0,,,19.0,22.0,,,
Tnfrsf22,1,,,,,,,,,20.0,,,
Mbd5,2,,,,,,,,,6.0,,3.0,
Mblac2,2,16.0,,,,,,,,20.0,,,
Mettl7b,2,,,,,,,,18.0,17.0,,,
Nsun3,3,,,,,,10.0,6.0,,0.0,,,
Olfr1033,2,,16.0,,,,,,,19.0,,,
Ropn1l,1,,,,,,,,,22.0,,,
Rwdd4a,2,,,,,,,,,15.0,12.0,,
Isy1,1,,,,,,,,,21.0,,,
Zfp454,2,,,,,,,,,19.0,18.0,,
Zfp329,3,,,,,,21.0,,21.0,18.0,,,
Zfp868,1,,,,,,,,,23.0,,,
Lsmd1,1,,,,,,,,,17.0,,,
Marveld3,1,,,,,,,,,19.0,,,
Mettl10,2,,,,,,,0.0,,0.0,,,
Mia2,1,,,,,,,,,10.0,,,
Slc30a10,1,,,,,,,,,23.0,,,
Spns2,2,,,,,,,,,22.0,5.0,,
Pld6,3,,8.0,8.0,,,,,,10.0,,,
Pm20d1,1,,,,,,,,,22.0,,,
Rabl3,1,,,,,,,,,23.0,,,
Pfn4,1,,,,,,,,,0.0,,,
Tbc1d22b,1,,,,,,,,,22.0,,,
Tmem144,3,,,,,,,,5.0,1.0,,8.0,
Tmem188,1,,,,,,,,,1.0,,,
Tmem42,1,,,,,,,,,13.0,,,
Tmem80,1,,,,,,,,,22.0,,,
Tmem86b,1,,,,,,,,,23.0,,,
Tnfaip8l1,1,,,,,,,,,3.0,,,
Ttll8,1,,,,,,,,,15.0,,,
Ube2u,1,,,,,,,,,0.0,,,
Xkr4,1,,,,,,,,,9.0,,,
Jmjd8,2,,,,,,,,,22.0,,,21.0
Lingo4,1,,,,,,,,,16.0,,,
Nat15,8,13.0,16.0,16.0,,,17.0,,14.0,16.0,13.0,,16.0
Sdr42e1,1,,,,,,,,,2.0,,,
Hsd3b5,1,,,,,,,,,5.0,,,
Ankrd50,7,,0.0,0.0,,,23.0,,0.0,0.0,22.0,,23.0
Aspdh,1,,,,,,,,,23.0,,,
BC029214,3,,,,10.0,,,9.0,,22.0,,,
BC030307,2,,,,,,,,20.0,21.0,,,
BC031353,3,,,,,,10.0,,,15.0,8.0,,
BC053749,1,,,,,,,,,23.0,,,
Btnl9,1,,,,,,,,,20.0,,,
C330018D20Rik,2,,,,,,,,22.0,22.0,,,
Ccdc109a,1,,,,,,,,,2.0,,,
Gm13139,1,,,,,,,,,21.0,,,
Dqx1,2,,,,,,,,7.0,23.0,,,
E130311K13Rik,1,,,,,,,,,1.0,,,
Evi5l,2,,,,,,,,,0.0,,,8.0
Fam198a,2,,,,,,,,,22.0,20.0,,
Fam83f,1,,,,,,,,,20.0,,,
Fam89a,1,,,,,,,,,0.0,,,
0610009B22Rik,4,22.0,,,,,2.0,,,21.0,20.0,,
0610030E20Rik,3,,,16.0,,,16.0,,,1.0,,,
1190003J15Rik,1,,,,,,,,,21.0,,,
1500012F01Rik,3,,,7.0,,11.0,,,,8.0,,,
1700010I14Rik,2,,,,,,,,,1.0,22.0,,
2010011I20Rik,2,,,,,,,,,23.0,22.0,,
2900097C17Rik,2,,,,,,,,,2.0,21.0,,
Acss3,3,,,,,,,,21.0,2.0,14.0,,
0610012H03Rik,2,,,,,,,,12.0,23.0,,,
1110021L09Rik,7,21.0,21.0,22.0,,22.0,,,20.0,22.0,,,23.0
2210404J11Rik,1,,,,,,,,,1.0,,,
2610001J05Rik,2,,,,,,,,0.0,0.0,,,
2810432D09Rik,1,,,,,,,,,22.0,,,
5031439G07Rik,6,9.0,10.0,11.0,,,,6.0,5.0,8.0,,,
A230050P20Rik,1,,,,,,,,,22.0,,,
Acsm5,6,,14.0,15.0,,16.0,,,9.0,9.0,,,12.0
Apon,1,,,,,,,,,0.0,,,
Arhgef37,2,21.0,,,,,,,,21.0,,,
B230307C23Rik,2,,,,,,,,22.0,21.0,,,
BC026590,2,,,,,,,,22.0,22.0,,,
BC056474,1,,,,,,,,,22.0,,,
Gstt3,2,3.0,,,,,,,,22.0,,,
H2afb1,1,,,,,,,,,10.0,,,
D19Ertd737e,4,7.0,,,,,,,5.0,4.0,,,7.0
Eid2b,2,,,,,,,,23.0,22.0,,,
C330021F23Rik,2,,,,,,,,5.0,23.0,,,
Ccdc138,2,20.0,,,,,,,,23.0,,,
Ccdc15,1,,,,,,,,,1.0,,,
Cd300ld,1,,,,,,,,,21.0,,,
Gbp6,3,4.0,,,,,,,,3.0,3.0,,
Rdh9,1,,,,,,,,,12.0,,,
Rnf125,7,3.0,1.0,2.0,,,,,22.0,1.0,22.0,,23.0
Rpusd3,1,,,,,,,,,19.0,,,
Rtp3,2,,,,,,,,,20.0,0.0,,
Tcp11l2,3,,,,,,5.0,,,4.0,,8.0,
Tlcd2,1,,,,,,,,,0.0,,,
Tmem20,2,,,,9.0,,,,,12.0,,,
Trim65,1,,,,,,,,,18.0,,,
Slc17a4,2,,,,,,,,7.0,2.0,,,
Zfhx2,1,,,,,,,,,23.0,,,
Zfp418,1,,,,,,,,,21.0,,,
Zfp759,2,,,,,,,22.0,,21.0,,,
Zfp760,3,,,,,20.0,,,0.0,21.0,,,
Mfsd9,1,,,,,,,,,1.0,,,
Mmgt2,1,,,,,,,,,22.0,,,
Morn2,2,0.0,,,,,,,,22.0,,,
Ost4,1,,,,,,,,,21.0,,,
Prr16,1,,,,,,,,,13.0,,,
Unc79,2,,,,,,,,,11.0,8.0,,
Uprt,1,,,,,,,,,23.0,,,
Lcn12,1,,,,,,,,,22.0,,,
Letm2,4,,,,20.0,,18.0,20.0,,21.0,,,
Leap2,1,,,,,,,,,22.0,,,
Slco1a6,1,,,,,,,,,10.0,,,
Znrd1as,1,,,,,,,,,1.0,,,
Wdr8,1,,,,,,,,,23.0,,,
Pm20d2,1,,,,,,,,,21.0,,,
Gm13152,1,,,,,,,,,21.0,,,
1110018J18Rik,3,,,,,19.0,,,,5.0,20.0,,
2700089E24Rik,4,,,,,,,,20.0,21.0,16.0,,21.0
Acnat1,2,,,,,,,,22.0,22.0,,,
Ahsa2,7,18.0,,19.0,19.0,,,19.0,18.0,18.0,17.0,,
Akr1c20,1,,,,,,,,,18.0,,,
Aspg,2,,,,,,,,11.0,7.0,,,
BC026585,2,,,,,,,,,23.0,7.0,,
Clec2h,2,,,,,,,,5.0,7.0,,,
Cml3,4,12.0,,,,,,,13.0,17.0,16.0,,
Cml5,4,11.0,,,,,,,15.0,19.0,14.0,,
D330012F22Rik,1,,,,,,,,,22.0,,,
D930048N14Rik,2,,,,,,,,,21.0,20.0,,
Etohi1,2,,,,,,,,,16.0,19.0,,
Fam47e,1,,,,,,,,,17.0,,,
1300002K09Rik,2,,,,,,,,2.0,0.0,,,
1700048O20Rik,1,,,,,,,,,20.0,,,
2310046O06Rik,1,,,,,,,,,22.0,,,
2610008E11Rik,3,,,,,,,,22.0,23.0,,,23.0
6430573F11Rik,4,,2.0,1.0,,3.0,,,,2.0,,,
Acnat2,2,,,,,,,,21.0,21.0,,,
Gltpd2,1,,,,,,,,,22.0,,,
Gm14296,2,,,,,,,,,16.0,17.0,,
Cyp2c67,1,,,,,,,,,0.0,,,
Cyp2c68,1,,,,,,,,,23.0,,,
D730039F16Rik,1,,,,,,,,,21.0,,,
Ccdc162,1,,,,,,,,,1.0,,,
Slc15a5,1,,,,,,,,,22.0,,,
Pbld1,2,,,,,,,,7.0,8.0,,,
Syde2,3,,13.0,,,,13.0,,,13.0,,,
Ranbp3l,3,,,,12.0,,,,,10.0,,,8.0
Psme2b-ps,3,,,,,,,,,23.0,6.0,0.0,
Zfp870,1,,,,,,,,,20.0,,,
Zfp882,1,,,,,,,,,21.0,,,
Ube2cbp,1,,,,,,,,,20.0,,,
Shf,1,,,,,,,,,9.0,,,
Ofcc1,1,,,,,,,,,10.0,,,
Olfr76,1,,,,,,,,,11.0,,,
Zfp692,3,19.0,,,,,,,,21.0,22.0,,
Serpina3m,1,,,,,,,,,17.0,,,
Sfswap,2,,,,,,,,8.0,4.0,,,
G6pd2,2,,,,,,,,,22.0,,,23.0
Glt28d2,2,,,,,,16.0,,,1.0,,,
Gm1614,1,,,,,,,,,21.0,,,
2510049J12Rik,1,,,,,,,,,22.0,,,
4732465J04Rik,2,,,,,,,,22.0,0.0,,,
4930544G11Rik,1,,,,,,,,,10.0,,,
4933427I04Rik,1,,,,,,,,,10.0,,,
9130409I23Rik,2,,,10.0,,,,,,4.0,,,
Adam29,1,,,,,,,,,9.0,,,
Adh6-ps1,1,,,,,,,,,23.0,,,
AI182371,2,,,,,,,,,23.0,21.0,,
Hist2h4,2,,,10.0,,,,,,22.0,,,
Cyp2d40,1,,,,,,,,,18.0,,,
G630090E17Rik,2,,,,,,,,0.0,23.0,,,
Gm10032,5,,19.0,,,,15.0,,15.0,15.0,,16.0,
Gm10644,4,19.0,,19.0,,,,,,20.0,20.0,,
Gm10768,1,,,,,,,,,10.0,,,
Gm9958,1,,,,,,,,,21.0,,,
Gm9982,1,,,,,,,,,20.0,,,
4930562F07Rik,1,,,,,,,,,10.0,,,
9130023H24Rik,1,,,,,,,,,18.0,,,
AA474408,1,,,,,,,,,23.0,,,
Acot3,1,,,,,,,,,14.0,,,
B130006D01Rik,1,,,,,,,,,0.0,,,
Spata22,1,,,,,,,,,2.0,,,
Zfp518a,2,,,,,,,,22.0,21.0,,,
Unc93a,5,9.0,9.0,8.0,,,,,,6.0,,,7.0
Rbmxl1,2,,,,,,10.0,,,23.0,,,
Akr1c19,3,,,,,,,,16.0,14.0,9.0,,
BC057022,1,,,,,,,,,22.0,,,
Gm11437,1,,,,,,,,,21.0,,,
Tmem102,1,,,,,,,,,22.0,,,
Zfp109,1,,,,,,,,,22.0,,,
Zfp72,3,,,,,,,,22.0,0.0,17.0,,
Raet1d,1,,,,,,,,,4.0,,,
Olfr1348,1,,,,,,,,,10.0,,,
Olfr597,1,,,,,,,,,11.0,,,
Olfr798,1,,,,,,,,,11.0,,,
Srek1ip1,1,,,,,,,,,22.0,,,
Ripply1,1,,,,,,,,,6.0,,,
Rnase13,1,,,,,,,,,23.0,,,
Vmn1r58,1,,,,,,,,,22.0,,,
Olfr1261,1,,,,,,,,,10.0,,,
BC088983,2,,,,,,21.0,,,22.0,,,
Hist1h4d,2,,,,8.0,,,,,22.0,,,
Olfr332,1,,,,,,,,,11.0,,,
Prhoxnb,1,,,,,,,,,20.0,,,
Zfp442,2,,,21.0,,,,,,22.0,,,
Zfp945,2,,,,,,,,4.0,6.0,,,
Vmn2r112,1,,,,,,,,,11.0,,,
Zfp935,1,,,,,,,,,2.0,,,
AB041803,7,,,10.0,,,10.0,,8.0,7.0,9.0,9.0,8.0
Gm839,1,,,,,,,,,21.0,,,
Hist1h4f,2,,,,,,,,4.0,22.0,,,
Cyp2d37-ps,1,,,,,,,,,12.0,,,
Tmem22,1,,,,,,,,,11.0,,,
Zfand4,1,,,,,,,,,20.0,,,
Zfp874a,1,,,,,,,,,22.0,,,
Zfp932,2,,,,,,,,0.0,23.0,,,
Meiob,1,,,,,,,,,3.0,,,
Metap1d,1,,,,,,,,,1.0,,,
Mettl16,5,,,1.0,,,,21.0,21.0,23.0,,,21.0
Mettl20,4,,,,,,13.0,,,20.0,15.0,,13.0
Mfsd12,1,,,,,,,,,21.0,,,
Micu1,1,,,,,,,,,2.0,,,
Orc3,2,19.0,,,,,,,,23.0,,,
Pced1a,1,,,,,,,,,0.0,,,
Poglut1,1,,,,,,,,,22.0,,,
Pxdc1,2,,,,,,,,,21.0,13.0,,
Rbm12b2,1,,,,,,,,,21.0,,,
Nabp1,2,,,,,,,,22.0,10.0,,,
Nabp2,1,,,,,,,,,23.0,,,
Nmrk1,3,,,,,,,,12.0,15.0,13.0,,
Noa1,1,,,,,,,,,17.0,,,
Ntpcr,2,,,21.0,,,,,,22.0,,,
Tubb4b,1,,,,,,,,,0.0,,,
Tyw5,2,,,,,,,,,1.0,,,22.0
Slc50a1,3,,,,,10.0,,,12.0,20.0,,,
Slc52a2,2,,,8.0,,,,,,18.0,,,
Sowahb,1,,,,,,,,,23.0,,,
Sppl2a,2,,,,,,,,0.0,14.0,,,
Sppl2b,2,,,,22.0,,,,,23.0,,,
Spryd7,1,,,,,,,,,22.0,,,
Lacc1,1,,,,,,,,,20.0,,,
Lamtor1,1,,,,,,,,,23.0,,,
Lamtor2,1,,,,,,,,,23.0,,,
Lgalsl,5,,,22.0,,,12.0,,22.0,22.0,22.0,,
Swsap1,1,,,,,,,,,19.0,,,
Tamm41,1,,,,,,,,,7.0,,,
Tenm3,2,,,,,,,,,6.0,,7.0,
Timmdc1,2,,,,,,,22.0,,21.0,,,
Tma7,1,,,,,,,,,22.0,,,
Tmem242,1,,,,,,,,,22.0,,,
Tpgs2,2,,,,,,,,,22.0,,,0.0
Trappc12,2,,,,,,,,11.0,22.0,,,
Trappc8,2,,,,,,,,,23.0,17.0,,
Trim12a,1,,,,,,,,,2.0,,,
Cmip,3,,,21.0,,,,,23.0,13.0,,,
Ctc1,2,,,,,,,,6.0,1.0,,,
Ddx39b,1,,,,,,,,,23.0,,,
Desi2,2,,,,,,,,17.0,21.0,,,
Alyref2,1,,,,,,,,,22.0,,,
Atat1,2,,,8.0,,,,,,23.0,,,
Babam1,1,,,,,,,,,21.0,,,
Hoga1,3,,,,,,,,11.0,9.0,10.0,,
Idnk,1,,,,,,,,,23.0,,,
Eci2,4,8.0,,,,,,,13.0,11.0,8.0,,
Eif3j1,1,,,,,,,,,13.0,,,
Emc4,1,,,,,,,,,20.0,,,
Epg5,1,,,,,,,,,0.0,,,
Adck3,6,5.0,,,9.0,,,,1.0,0.0,8.0,,10.0
Gm10106,1,,,,,,,,,0.0,,,
Gm10250,1,,,,,,,,,21.0,,,
Gm10716,1,,,,,,,,,23.0,,,
Gm10722,1,,,,,,,,,23.0,,,
Gm10800,1,,,,,,,,,23.0,,,
Gm10801,1,,,,,,,,,0.0,,,
Gm11168,1,,,,,,,,,23.0,,,
Gm16493,2,,,,,,,,,21.0,20.0,,
Gm17535,1,,,,,,,,,0.0,,,
Bloc1s2b,1,,,,,,,,,0.0,,,
Bloc1s5,2,,,,,,,,23.0,0.0,,,
Brk1,1,,,,,,,,,22.0,,,
Camkmt,1,,,,,,,,,3.0,,,
Camsap3,1,,,,,,,,,23.0,,,
Cdpf1,1,,,,,,,,,23.0,,,
Cep19,1,,,,,,,,,23.0,,,
Ces1d,4,,,,,,16.0,,17.0,18.0,15.0,,
